#VRML V2.0 utf8
# 3D model generated by easyeda2kicad.py (https://github.com/uPesy/easyeda2kicad.py)

Shape{
    appearance Appearance {
        material  Material 	{
            diffuseColor 0.7529411764705882 0.7529411764705882 0.7529411764705882
            specularColor 0.7529411764705882 0.7529411764705882 0.7529411764705882
            ambientIntensity 0.2
            transparency 0
            shininess 0.5
        }
    }
    geometry IndexedFaceSet {
        ccw TRUE
        solid FALSE
        coord DEF co Coordinate {
            point [
                1.4567 -0.2343 -2.2047, 1.4567 -0.9096 -2.2047, 1.3386 -0.2343 -2.2047, 1.3386 -0.9096 -2.2047, 1.4567 -0.2343 -1.8425, 1.3386 -0.2343 -1.8425, 1.4567 -0.313 -1.8425, 1.3386 -0.313 -1.8425, 1.4567 -0.313 -1.3307, 1.3386 -0.313 -1.3307, 1.4567 -1.3563 -1.3307, 1.3386 -1.3563 -1.3307, 1.4567 -1.435 -1.4094, 1.3386 -1.435 -1.4094, 1.4567 -1.435 -1.638, 1.3386 -1.435 -1.638, 1.4567 -1.4183 -1.6402, 1.3386 -1.4183 -1.6402, 1.4567 -1.4027 -1.6467, 1.3386 -1.4027 -1.6467, 1.4567 -1.3893 -1.657, 1.3386 -1.3893 -1.657, 1.4567 -1.379 -1.6704, 1.3386 -1.379 -1.6704, 1.4567 -1.3725 -1.686, 1.3386 -1.3725 -1.686, 1.4567 -1.3703 -1.7028, 1.3386 -1.3703 -1.7028, 1.4567 -1.3725 -1.7195, 1.3386 -1.3725 -1.7195, 1.4567 -1.379 -1.7352, 1.3386 -1.379 -1.7352, 1.4567 -1.3893 -1.7486, 1.3386 -1.3893 -1.7486, 1.4567 -1.4027 -1.7589, 1.3386 -1.4027 -1.7589, 1.4567 -1.4183 -1.7653, 1.3386 -1.4183 -1.7653, 1.4567 -1.435 -1.7675, 1.3386 -1.435 -1.7675, 1.4567 -1.435 -2.126, 1.3386 -1.435 -2.126, 1.4567 -1.3563 -2.2047, 1.3386 -1.3563 -2.2047, 1.4567 -1.0302 -2.2047, 1.3386 -1.0302 -2.2047, 1.4567 -1.0282 -2.1891, 1.3386 -1.0282 -2.1891, 1.4567 -1.0222 -2.1746, 1.3386 -1.0222 -2.1746, 1.4567 -1.0126 -2.1621, 1.3386 -1.0126 -2.1621, 1.4567 -1.0001 -2.1525, 1.3386 -1.0001 -2.1525, 1.4567 -0.9855 -2.1465, 1.3386 -0.9855 -2.1465, 1.4567 -0.9699 -2.1444, 1.3386 -0.9699 -2.1444, 1.4567 -0.9543 -2.1465, 1.3386 -0.9543 -2.1465, 1.4567 -0.9398 -2.1525, 1.3386 -0.9398 -2.1525, 1.4567 -0.9273 -2.1621, 1.3386 -0.9273 -2.1621, 1.4567 -0.9177 -2.1746, 1.3386 -0.9177 -2.1746, 1.4567 -0.9117 -2.1891, 1.3386 -0.9117 -2.1891, -1.4567 -0.9096 -2.2047, -1.4567 -0.2343 -2.2047, -1.3386 -0.9096 -2.2047, -1.3386 -0.2343 -2.2047, -1.4567 -0.2343 -1.8425, -1.3386 -0.2343 -1.8425, -1.4567 -0.313 -1.8425, -1.3386 -0.313 -1.8425, -1.4567 -0.313 -1.3307, -1.3386 -0.313 -1.3307, -1.4567 -1.3563 -1.3307, -1.3386 -1.3563 -1.3307, -1.4567 -1.435 -1.4094, -1.3386 -1.435 -1.4094, -1.4567 -1.435 -1.638, -1.3386 -1.435 -1.638, -1.4567 -1.435 -1.7675, -1.3386 -1.435 -1.7675, -1.4567 -1.4183 -1.7653, -1.3386 -1.4183 -1.7653, -1.4567 -1.4027 -1.7589, -1.3386 -1.4027 -1.7589, -1.4567 -1.3893 -1.7486, -1.3386 -1.3893 -1.7486, -1.4567 -1.379 -1.7352, -1.3386 -1.379 -1.7352, -1.4567 -1.3725 -1.7195, -1.3386 -1.3725 -1.7195, -1.4567 -1.3703 -1.7028, -1.3386 -1.3703 -1.7028, -1.4567 -1.3725 -1.686, -1.3386 -1.3725 -1.686, -1.4567 -1.379 -1.6704, -1.3386 -1.379 -1.6704, -1.4567 -1.3893 -1.657, -1.3386 -1.3893 -1.657, -1.4567 -1.4027 -1.6467, -1.3386 -1.4027 -1.6467, -1.4567 -1.4183 -1.6402, -1.3386 -1.4183 -1.6402, -1.4567 -1.435 -2.126, -1.3386 -1.435 -2.126, -1.4567 -1.3563 -2.2047, -1.3386 -1.3563 -2.2047, -1.4567 -1.0302 -2.2047, -1.3386 -1.0302 -2.2047, -1.4567 -0.9117 -2.1891, -1.3386 -0.9117 -2.1891, -1.4567 -0.9177 -2.1746, -1.3386 -0.9177 -2.1746, -1.4567 -0.9273 -2.1621, -1.3386 -0.9273 -2.1621, -1.4567 -0.9398 -2.1525, -1.3386 -0.9398 -2.1525, -1.4567 -0.9543 -2.1465, -1.3386 -0.9543 -2.1465, -1.4567 -0.9699 -2.1444, -1.3386 -0.9699 -2.1444, -1.4567 -0.9855 -2.1465, -1.3386 -0.9855 -2.1465, -1.4567 -1.0001 -2.1525, -1.3386 -1.0001 -2.1525, -1.4567 -1.0126 -2.1621, -1.3386 -1.0126 -2.1621, -1.4567 -1.0222 -2.1746, -1.3386 -1.0222 -2.1746, -1.4567 -1.0282 -2.1891, -1.3386 -1.0282 -2.1891, -1.3386 -1.0282 -2.1891
            ]
        }
        coordIndex [
            0,1,2,-1,2,1,3,-1,4,0,5,-1,5,0,2,-1,6,4,7,-1,7,4,5,-1,8,6,9,-1,9,6,7,-1,10,8,11,-1,11,8,9,-1,12,10,13,-1,13,10,11,-1,14,12,15,-1,15,12,13,-1,14,15,16,-1,16,15,17,-1,16,17,18,-1,18,17,19,-1,18,19,20,-1,20,19,21,-1,20,21,22,-1,22,21,23,-1,22,23,24,-1,24,23,25,-1,24,25,26,-1,26,25,27,-1,26,27,28,-1,28,27,29,-1,28,29,30,-1,30,29,31,-1,30,31,32,-1,32,31,33,-1,32,33,34,-1,34,33,35,-1,34,35,36,-1,36,35,37,-1,36,37,38,-1,38,37,39,-1,40,38,41,-1,41,38,39,-1,42,40,43,-1,43,40,41,-1,44,42,45,-1,45,42,43,-1,44,45,46,-1,46,45,47,-1,46,47,48,-1,48,47,49,-1,48,49,50,-1,50,49,51,-1,50,51,52,-1,52,51,53,-1,52,53,54,-1,54,53,55,-1,54,55,56,-1,56,55,57,-1,56,57,58,-1,58,57,59,-1,58,59,60,-1,60,59,61,-1,60,61,62,-1,62,61,63,-1,62,63,64,-1,64,63,65,-1,64,65,66,-1,66,65,67,-1,66,67,1,-1,1,67,3,-1,10,12,14,-1,0,4,1,-1,1,4,6,-1,1,6,66,-1,38,40,36,-1,36,40,42,-1,48,50,36,-1,14,16,10,-1,10,16,18,-1,10,18,8,-1,8,18,20,-1,8,20,22,-1,48,36,46,-1,46,36,42,-1,46,42,44,-1,8,56,58,-1,56,30,54,-1,54,30,32,-1,54,32,52,-1,22,24,8,-1,8,24,26,-1,8,26,56,-1,56,26,28,-1,56,28,30,-1,58,60,8,-1,8,60,62,-1,8,62,6,-1,6,62,64,-1,6,64,66,-1,52,32,50,-1,50,32,34,-1,50,34,36,-1,5,2,7,-1,7,2,3,-1,41,39,43,-1,43,39,37,-1,11,9,21,-1,59,57,9,-1,15,13,17,-1,17,13,11,-1,17,11,19,-1,19,11,21,-1,59,9,61,-1,3,67,7,-1,7,67,65,-1,7,65,9,-1,9,65,63,-1,9,63,61,-1,27,25,9,-1,9,25,23,-1,9,23,21,-1,27,9,29,-1,29,9,57,-1,29,57,31,-1,31,57,55,-1,31,55,33,-1,33,55,53,-1,33,53,35,-1,35,53,51,-1,35,51,37,-1,37,51,49,-1,37,49,43,-1,43,49,47,-1,43,47,45,-1,68,69,70,-1,70,69,71,-1,69,72,71,-1,71,72,73,-1,72,74,73,-1,73,74,75,-1,74,76,75,-1,75,76,77,-1,76,78,77,-1,77,78,79,-1,78,80,79,-1,79,80,81,-1,80,82,81,-1,81,82,83,-1,84,85,86,-1,86,85,87,-1,86,87,88,-1,88,87,89,-1,88,89,90,-1,90,89,91,-1,90,91,92,-1,92,91,93,-1,92,93,94,-1,94,93,95,-1,94,95,96,-1,96,95,97,-1,96,97,98,-1,98,97,99,-1,98,99,100,-1,100,99,101,-1,100,101,102,-1,102,101,103,-1,102,103,104,-1,104,103,105,-1,104,105,106,-1,106,105,107,-1,106,107,82,-1,82,107,83,-1,84,108,85,-1,85,108,109,-1,108,110,109,-1,109,110,111,-1,110,112,111,-1,111,112,113,-1,68,70,114,-1,114,70,115,-1,114,115,116,-1,116,115,117,-1,116,117,118,-1,118,117,119,-1,118,119,120,-1,120,119,121,-1,120,121,122,-1,122,121,123,-1,122,123,124,-1,124,123,125,-1,124,125,126,-1,126,125,127,-1,126,127,128,-1,128,127,129,-1,128,129,130,-1,130,129,131,-1,130,131,132,-1,132,131,133,-1,132,133,134,-1,134,133,135,-1,134,135,112,-1,112,135,113,-1,72,69,74,-1,74,69,68,-1,108,84,110,-1,110,84,86,-1,82,80,106,-1,106,80,78,-1,98,100,76,-1,76,100,102,-1,76,102,78,-1,78,102,104,-1,78,104,106,-1,68,114,74,-1,74,114,116,-1,74,116,118,-1,98,76,96,-1,96,76,74,-1,96,74,94,-1,94,74,118,-1,94,118,92,-1,92,118,120,-1,92,120,122,-1,122,124,92,-1,92,124,126,-1,92,126,90,-1,90,126,128,-1,90,128,88,-1,88,128,130,-1,88,130,86,-1,86,130,132,-1,86,132,110,-1,110,132,134,-1,110,134,112,-1,79,81,83,-1,71,73,70,-1,70,73,75,-1,70,75,115,-1,113,135,111,-1,111,135,87,-1,111,87,109,-1,109,87,85,-1,103,77,105,-1,105,77,79,-1,105,79,107,-1,107,79,83,-1,103,101,77,-1,77,101,99,-1,77,99,75,-1,99,97,75,-1,75,97,95,-1,75,95,93,-1,123,121,93,-1,93,121,119,-1,93,119,75,-1,75,119,117,-1,75,117,115,-1,135,133,87,-1,87,133,131,-1,87,131,89,-1,89,131,91,-1,131,129,91,-1,91,129,127,-1,91,127,93,-1,93,127,125,-1,93,125,123,-1,
        ]
    }
}
Shape{
    appearance Appearance {
        material  Material 	{
            diffuseColor 1.0 1.0 1.0
            specularColor 1.0 1.0 1.0
            ambientIntensity 0.2
            transparency 0
            shininess 0.5
        }
    }
    geometry IndexedFaceSet {
        ccw TRUE
        solid FALSE
        coord DEF co Coordinate {
            point [
                0.1419 -0.2977 0.0, 0.1419 -0.3686 0.0, 0.1738 -0.3686 0.0, 0.4039 -1.4941 0.0, 0.4789 -1.4941 0.0, 0.4789 -0.5372 0.0, 0.1819 -0.3606 0.0, 0.1807 -0.3574 0.0, 0.1807 -0.3784 0.0, 1.3386 -1.1004 0.0, 1.5748 -1.1004 0.0, 1.5748 -0.5372 0.0, 0.7217 0.0 0.0, 0.7217 0.9193 0.0, 0.4789 0.9193 0.0, 0.267 -0.5054 0.0, 0.2662 -0.5054 0.0, 0.285 -0.5054 0.0, 0.3533 -0.4247 0.0, 0.3786 -0.4247 0.0, 0.3786 -0.4019 0.0, 0.0294 -0.3601 0.0, 0.0448 -0.3732 0.0, 0.0988 -0.297 0.0, 0.0988 -0.3784 0.0, -0.0018 -0.3284 0.0, 0.0096 -0.3508 0.0, 0.0124 -0.3517 0.0, -0.0439 -0.2901 0.0, -0.0339 -0.297 0.0, -0.0211 -0.3058 0.0, -0.958 0.9193 0.0, -1.5748 0.9193 0.0, -0.958 0.0 0.0, -1.5748 -0.297 0.0, -0.7217 0.0 0.0, -0.1646 -0.297 0.0, -0.1512 -0.2889 0.0, -0.7217 0.9193 0.0, -0.1249 -0.2792 0.0, 0.0988 0.9193 0.0, -0.0985 -0.2762 0.0, -0.0722 -0.2793 0.0, -0.1668 -0.2984 0.0, -0.2274 -0.3251 0.0, -0.205 -0.3223 0.0, -0.1802 -0.3098 0.0, -0.1984 -0.3227 0.0, -0.1919 -0.3234 0.0, -0.2705 -0.3496 0.0, -0.2666 -0.346 0.0, -0.2485 -0.3333 0.0, -1.5748 -0.3784 0.0, -1.5748 -0.4019 0.0, -0.2958 -0.4019 0.0, -0.2932 -0.3877 0.0, -0.2891 -0.3784 0.0, -0.2841 -0.3672 0.0, -0.2349 -0.5018 0.0, -0.2555 -0.4917 0.0, -1.5748 -0.5054 0.0, -0.2733 -0.4766 0.0, -0.2863 -0.458 0.0, -0.2945 -0.4368 0.0, -0.2972 -0.4145 0.0, -0.297 -0.4091 0.0, -0.2024 -0.535 0.0, -0.2136 -0.5266 0.0, -0.2278 -0.5039 0.0, -0.227 -0.5054 0.0, -0.222 -0.5161 0.0, -0.1972 -0.5372 0.0, -1.5748 -0.5372 0.0, -1.5748 -1.1004 0.0, -1.3386 -1.4941 0.0, -0.9465 -1.4941 0.0, -1.3386 -1.1004 0.0, -0.9465 -1.2441 0.0, -0.7217 -1.4941 0.0, 0.0988 -1.4941 0.0, -0.7217 -1.2441 0.0, 0.0988 -0.5372 0.0, -0.1501 -0.5372 0.0, -0.1599 -0.5409 0.0, -0.1737 -0.5426 0.0, -0.1759 -0.5426 0.0, -0.1893 -0.5405 0.0, 0.0988 -0.5054 0.0, -0.1203 -0.5054 0.0, -0.1204 -0.5057 0.0, -0.1271 -0.5184 0.0, -0.1359 -0.5281 0.0, -0.1472 -0.536 0.0, 0.0634 -0.4068 0.0, 0.066 -0.4253 0.0, 0.0988 -0.4019 0.0, -0.0476 -0.4719 0.0, -0.0437 -0.4703 0.0, -0.037 -0.4379 0.0, 0.0449 -0.4794 0.0, 0.0294 -0.4925 0.0, -0.131 -0.4475 0.0, -0.0547 -0.4077 0.0, -0.1409 -0.4385 0.0, -0.153 -0.432 0.0, -0.0511 -0.4743 0.0, 0.0562 -0.4637 0.0, 0.0304 -0.4209 0.0, 0.0277 -0.41 0.0, 0.0234 -0.4019 0.0, -0.2599 -0.4019 0.0, 0.0634 -0.4457 0.0, -0.0393 -0.4697 0.0, -0.0388 -0.4698 0.0, -0.0371 -0.4702 0.0, -0.2566 -0.4361 0.0, -0.2498 -0.4476 0.0, -0.2209 -0.4535 0.0, -0.2396 -0.4581 0.0, -0.2272 -0.4658 0.0, -0.1998 -0.4347 0.0, -0.2115 -0.4428 0.0, -0.2613 -0.4134 0.0, -0.2607 -0.4222 0.0, -0.1873 -0.4299 0.0, -0.1737 -0.4282 0.0, -0.1668 -0.4286 0.0, -0.057 -0.4874 0.0, -0.0568 -0.4851 0.0, -0.1167 -0.48 0.0, -0.0557 -0.4808 0.0, -0.0535 -0.4769 0.0, 0.0191 -0.456 0.0, 0.0254 -0.4471 0.0, 0.0293 -0.437 0.0, 0.0307 -0.4259 0.0, -0.0437 -0.5045 0.0, -0.0474 -0.503 0.0, -0.0511 -0.5004 0.0, -0.0525 -0.4991 0.0, -0.0549 -0.4955 0.0, -0.0564 -0.4916 0.0, -0.1171 -0.4916 0.0, -0.1167 -0.4857 0.0, 0.0121 -0.501 0.0, -0.0069 -0.505 0.0, -0.0405 -0.505 0.0, -0.0359 -0.4703 0.0, -0.0103 -0.4703 0.0, -0.0001 -0.4684 0.0, 0.01 -0.4637 0.0, 0.0184 -0.4568 0.0, -0.0183 -0.3815 0.0, -0.2548 -0.3869 0.0, -0.2596 -0.3996 0.0, -0.0137 -0.3815 0.0, 0.0224 -0.4002 0.0, 0.0159 -0.3928 0.0, 0.0071 -0.3867 0.0, -0.0029 -0.3828 0.0, -0.0305 -0.3473 0.0, -0.0434 -0.332 0.0, -0.1742 -0.365 0.0, -0.0448 -0.3307 0.0, -0.0608 -0.3196 0.0, -0.1655 -0.347 0.0, -0.2489 -0.3784 0.0, -0.1783 -0.3628 0.0, -0.0189 -0.3784 0.0, -0.0217 -0.3656 0.0, -0.1911 -0.3581 0.0, -0.2044 -0.3565 0.0, -0.2103 -0.3568 0.0, -0.1528 -0.3317 0.0, -0.0787 -0.3127 0.0, -0.1375 -0.3206 0.0, -0.098 -0.3103 0.0, -0.1189 -0.313 0.0, -0.2244 -0.3601 0.0, -0.2371 -0.3668 0.0, -0.2469 -0.3756 0.0, 0.0486 -0.3784 0.0, 0.0564 -0.3894 0.0, 0.0614 -0.4019 0.0, 0.3964 -0.4956 0.0, 0.3964 -0.5048 0.0, 0.4039 -0.5054 0.0, 0.4039 -0.4019 0.0, 0.3946 -0.4247 0.0, 0.3946 -0.4339 0.0, 0.3637 -0.4687 0.0, 0.3637 -0.4956 0.0, 0.3786 -0.4687 0.0, 0.3786 -0.4956 0.0, 0.3923 -0.4687 0.0, 0.3923 -0.4595 0.0, 0.3637 -0.4339 0.0, 0.3637 -0.4595 0.0, 0.3786 -0.4339 0.0, 0.3786 -0.4595 0.0, 0.3786 -0.5054 0.0, 0.3786 -0.5048 0.0, 0.3533 -0.5048 0.0, 0.3138 -0.4906 0.0, 0.315 -0.4953 0.0, 0.3153 -0.4953 0.0, 0.3425 -0.4476 0.0, 0.3037 -0.4019 0.0, 0.3321 -0.4476 0.0, 0.3037 -0.4615 0.0, 0.3165 -0.4906 0.0, 0.3157 -0.4933 0.0, 0.2438 -0.4924 0.0, 0.2336 -0.4019 0.0, 0.2336 -0.5054 0.0, 0.2477 -0.4948 0.0, 0.2484 -0.4951 0.0, 0.2484 -0.4738 0.0, 0.2467 -0.4721 0.0, 0.2454 -0.47 0.0, 0.2443 -0.4669 0.0, 0.2438 -0.463 0.0, 0.2442 -0.4594 0.0, 0.2483 -0.4738 0.0, 0.2534 -0.5054 0.0, 0.25 -0.505 0.0, 0.2484 -0.5054 0.0, 0.2484 -0.5045 0.0, 0.2438 -0.5028 0.0, 0.2797 -0.4488 0.0, 0.2797 -0.4585 0.0, 0.2503 -0.4508 0.0, 0.2534 -0.449 0.0, 0.2484 -0.4019 0.0, 0.2819 -0.4932 0.0, 0.2807 -0.4964 0.0, 0.2788 -0.4991 0.0, 0.2454 -0.4562 0.0, 0.2473 -0.4535 0.0, 0.2484 -0.4525 0.0, 0.2589 -0.447 0.0, 0.2661 -0.4463 0.0, 0.285 -0.4019 0.0, 0.273 -0.4469 0.0, 0.279 -0.4798 0.0, 0.2809 -0.4825 0.0, 0.282 -0.4855 0.0, 0.2824 -0.4892 0.0, 0.2759 -0.5016 0.0, 0.2726 -0.5035 0.0, 0.2651 -0.4544 0.0, 0.2622 -0.4546 0.0, 0.2542 -0.4621 0.0, 0.2595 -0.4553 0.0, 0.2572 -0.4565 0.0, 0.2543 -0.4634 0.0, 0.2547 -0.465 0.0, 0.2554 -0.4664 0.0, 0.2564 -0.4674 0.0, 0.2599 -0.4696 0.0, 0.2717 -0.4552 0.0, 0.2661 -0.4723 0.0, 0.2773 -0.4572 0.0, 0.27 -0.4739 0.0, 0.2766 -0.4776 0.0, 0.2557 -0.4579 0.0, 0.2548 -0.4592 0.0, 0.2544 -0.4605 0.0, 0.2539 -0.4972 0.0, 0.259 -0.4796 0.0, 0.253 -0.4769 0.0, 0.2603 -0.4979 0.0, 0.2607 -0.4979 0.0, 0.2656 -0.4824 0.0, 0.2659 -0.4973 0.0, 0.2721 -0.4902 0.0, 0.272 -0.4889 0.0, 0.2684 -0.4964 0.0, 0.2694 -0.4958 0.0, 0.2705 -0.4948 0.0, 0.2714 -0.4935 0.0, 0.2719 -0.4921 0.0, 0.2715 -0.4874 0.0, 0.2708 -0.486 0.0, 0.2695 -0.4847 0.0, 0.4789 -0.3784 0.0, 0.4529 -0.3777 0.0, 0.4415 -0.3777 0.0, 0.4333 -0.3558 0.0, 0.4039 -0.3558 0.0, 0.4039 -0.3784 0.0, 0.4224 -0.2977 0.0, 0.4789 -0.297 0.0, 0.4039 -0.297 0.0, 0.4 -0.3558 0.0, 0.3923 -0.3777 0.0, 0.3786 -0.3784 0.0, 0.3809 -0.3777 0.0, 0.3786 -0.297 0.0, 0.4039 -0.3172 0.0, 0.4114 -0.2977 0.0, 0.3037 -0.297 0.0, 0.285 -0.297 0.0, 0.2943 -0.2977 0.0, 0.285 -0.2977 0.0, 0.2634 -0.3417 0.0, 0.2634 -0.3686 0.0, 0.285 -0.3417 0.0, 0.285 -0.3686 0.0, 0.292 -0.3417 0.0, 0.2961 -0.3686 0.0, 0.292 -0.3325 0.0, 0.2943 -0.3069 0.0, 0.285 -0.3325 0.0, 0.285 -0.3069 0.0, 0.2634 -0.3325 0.0, 0.2634 -0.3069 0.0, 0.253 -0.3777 0.0, 0.2484 -0.3784 0.0, 0.285 -0.3784 0.0, 0.3037 -0.3784 0.0, 0.2961 -0.3777 0.0, 0.285 -0.3777 0.0, 0.253 -0.2977 0.0, 0.2484 -0.297 0.0, 1.064 0.9193 0.0, 0.958 0.9193 0.0, 1.064 -0.297 0.0, 0.958 0.0 0.0, 1.064 -1.4941 0.0, 1.064 -0.5372 0.0, 1.3386 -1.4941 0.0, 0.2181 -0.3057 0.0, 0.2145 -0.3058 0.0, 0.2336 -0.3661 0.0, 0.228 -0.3068 0.0, 0.237 -0.3104 0.0, 0.237 -0.3645 0.0, 0.2361 -0.3099 0.0, 0.2336 -0.309 0.0, 0.2076 -0.3073 0.0, 0.2014 -0.3103 0.0, 0.1963 -0.3145 0.0, 0.1958 -0.3152 0.0, 0.1919 -0.3207 0.0, 0.1892 -0.3276 0.0, 0.1879 -0.3386 0.0, 0.188 -0.342 0.0, 0.2291 -0.3681 0.0, 0.2201 -0.3697 0.0, 0.2163 -0.3699 0.0, 0.1894 -0.3499 0.0, 0.192 -0.3563 0.0, 0.1958 -0.3614 0.0, 0.1979 -0.3635 0.0, 0.2092 -0.3691 0.0, 0.2033 -0.3671 0.0, 0.2266 -0.297 0.0, 0.2285 -0.2971 0.0, 0.2336 -0.297 0.0, 0.2336 -0.2986 0.0, 0.237 -0.2996 0.0, 0.1807 -0.297 0.0, 0.1828 -0.3157 0.0, 0.1886 -0.3081 0.0, 0.1906 -0.3062 0.0, 0.1981 -0.301 0.0, 0.2065 -0.2977 0.0, 0.1759 -0.297 0.0, 0.179 -0.3246 0.0, 0.1807 -0.3208 0.0, 0.1786 -0.3522 0.0, 0.1759 -0.3784 0.0, 0.1771 -0.3392 0.0, 0.1772 -0.335 0.0, 0.2002 -0.3767 0.0, 0.1928 -0.3729 0.0, 0.1873 -0.3682 0.0, 0.1867 -0.3674 0.0, 0.2074 -0.3784 0.0, 0.1807 -0.4019 0.0, 0.2086 -0.3787 0.0, 0.2149 -0.3791 0.0, 0.2219 -0.3784 0.0, 0.237 -0.3744 0.0, 0.2357 -0.3751 0.0, 0.2336 -0.3784 0.0, 0.2336 -0.3758 0.0, 0.2271 -0.3779 0.0, 0.1884 -0.4774 0.0, 0.1898 -0.4613 0.0, 0.1863 -0.4803 0.0, 0.1849 -0.4838 0.0, 0.1807 -0.5054 0.0, 0.1859 -0.4974 0.0, 0.1847 -0.494 0.0, 0.2156 -0.4468 0.0, 0.2198 -0.4481 0.0, 0.1915 -0.4748 0.0, 0.1958 -0.4726 0.0, 0.1959 -0.4574 0.0, 0.2032 -0.4708 0.0, 0.212 -0.4548 0.0, 0.2086 -0.4544 0.0, 0.2021 -0.4551 0.0, 0.1925 -0.504 0.0, 0.1891 -0.5016 0.0, 0.188 -0.5005 0.0, 0.2231 -0.45 0.0, 0.2258 -0.4526 0.0, 0.2279 -0.4558 0.0, 0.2202 -0.4959 0.0, 0.2199 -0.4959 0.0, 0.2202 -0.5048 0.0, 0.2183 -0.4984 0.0, 0.2151 -0.5018 0.0, 0.1898 -0.4516 0.0, 0.1919 -0.4504 0.0, 0.1994 -0.4475 0.0, 0.2095 -0.4463 0.0, 0.1842 -0.4895 0.0, 0.1843 -0.4881 0.0, 0.2202 -0.4684 0.0, 0.2198 -0.464 0.0, 0.2188 -0.4604 0.0, 0.2176 -0.4583 0.0, 0.2294 -0.4604 0.0, 0.2302 -0.468 0.0, 0.2302 -0.5048 0.0, 0.2161 -0.4567 0.0, 0.2143 -0.4556 0.0, 0.2078 -0.5054 0.0, 0.2076 -0.5055 0.0, 0.2336 -0.5372 0.0, 0.1807 -0.5372 0.0, 0.2024 -0.5061 0.0, 0.1966 -0.5054 0.0, 0.1964 -0.5054 0.0, 0.3037 -0.5054 0.0, 0.3037 -0.4884 0.0, 0.2876 -0.4476 0.0, 0.2988 -0.4476 0.0, 0.31 -0.5046 0.0, 0.3097 -0.5054 0.0, 0.3056 -0.515 0.0, 0.285 -0.5372 0.0, 0.2897 -0.5309 0.0, 0.2897 -0.522 0.0, 0.3018 -0.5208 0.0, 0.3037 -0.5187 0.0, 0.3037 -0.5187 0.0, 0.2593 -0.5061 0.0, 0.2484 -0.5372 0.0, 0.2917 -0.5226 0.0, 0.2954 -0.5231 0.0, 0.3037 -0.5299 0.0, 0.3002 -0.5312 0.0, 0.3037 -0.5372 0.0, 0.2962 -0.5317 0.0, 0.2939 -0.5316 0.0, 0.2979 -0.5228 0.0, 0.3 -0.522 0.0, 0.3166 -0.5134 0.0, 0.312 -0.5222 0.0, 0.3786 -0.5372 0.0, 0.3197 -0.5054 0.0, 0.3083 -0.5267 0.0, 0.3077 -0.5273 0.0, 0.3042 -0.5297 0.0, 0.4039 -0.5372 0.0, 0.3786 -1.4941 0.0, 0.3037 -1.4941 0.0, 0.285 -1.4941 0.0, 0.2484 -1.4941 0.0, 0.2336 -1.4941 0.0, 0.1807 -1.4941 0.0, 0.2116 -0.5041 0.0, 1.064 -0.5054 0.0, 0.4789 -0.5054 0.0, 0.1316 -0.4247 0.0, 0.1316 -0.5048 0.0, 0.1759 -0.5054 0.0, 0.1759 -0.5372 0.0, 0.1759 -1.4941 0.0, 0.1728 -0.4247 0.0, 0.1759 -0.4019 0.0, 0.1728 -0.4339 0.0, 0.1746 -0.4956 0.0, 0.1746 -0.5048 0.0, 0.1419 -0.4687 0.0, 0.1419 -0.4956 0.0, 0.1705 -0.4687 0.0, 0.1705 -0.4595 0.0, 0.1419 -0.4595 0.0, 0.1419 -0.4339 0.0, 0.4115 -0.5048 0.0, 0.4745 -0.4782 0.0, 0.4706 -0.4865 0.0, 0.4646 -0.4935 0.0, 0.4724 -0.4451 0.0, 0.4754 -0.4527 0.0, 0.4789 -0.4019 0.0, 0.4767 -0.4637 0.0, 0.4765 -0.4688 0.0, 0.4562 -0.4996 0.0, 0.4471 -0.5031 0.0, 0.4335 -0.5048 0.0, 0.4115 -0.4247 0.0, 0.4343 -0.4247 0.0, 0.4466 -0.426 0.0, 0.4562 -0.4296 0.0, 0.4646 -0.4353 0.0, 0.4675 -0.4381 0.0, 0.4926 -0.5048 0.0, 0.4811 -0.5048 0.0, 0.5418 -0.5048 0.0, 0.5336 -0.4829 0.0, 0.5003 -0.4829 0.0, 0.5116 -0.4247 0.0, 0.5227 -0.4247 0.0, 0.1316 -0.3777 0.0, 0.1316 -0.2977 0.0, 0.1738 -0.3777 0.0, 0.3341 -0.2977 0.0, 0.3463 -0.299 0.0, 0.356 -0.3026 0.0, 0.3721 -0.318 0.0, 0.3751 -0.3257 0.0, 0.3764 -0.3367 0.0, 0.3762 -0.3418 0.0, 0.3742 -0.3512 0.0, 0.3703 -0.3594 0.0, 0.3643 -0.3665 0.0, 0.3559 -0.3725 0.0, 0.3468 -0.3761 0.0, 0.3333 -0.3777 0.0, 0.3112 -0.3777 0.0, 0.3112 -0.2977 0.0, 0.3643 -0.3083 0.0, 0.3672 -0.3111 0.0, 1.064 -0.3784 0.0, 1.064 -0.4019 0.0, 0.5532 -0.5048 0.0, 0.2125 -0.297 0.0, 0.1807 0.9193 0.0, 0.1759 0.9193 0.0, 0.4039 0.9193 0.0, 0.3786 0.9193 0.0, 0.3037 0.9193 0.0, 0.285 0.9193 0.0, 0.2484 0.9193 0.0, 0.2336 0.9193 0.0, 0.218 -0.2963 0.0, 1.5748 -0.5054 0.0, 1.5748 -0.4019 0.0, 1.5748 -0.3784 0.0, 1.5748 -0.297 0.0, 1.5748 0.9193 0.0, 0.7217 0.9193 -0.1969, -0.7217 0.9193 -0.1969, 0.7217 0.7224 -0.1969, -0.7217 0.7224 -0.1969, 0.958 0.9193 -0.1969, 1.1811 0.9193 -0.1969, 1.1811 0.9193 -1.0, 1.5748 0.9193 -1.0, 0.958 0.7224 -0.1969, 1.1811 0.7224 -0.1969, -1.063 -1.4941 -0.9029, -1.3386 -1.4941 -0.9029, -1.063 -1.4941 -1.9213, -1.3386 -1.4941 -2.1575, 1.063 -1.4941 -1.9213, 1.3386 -1.4941 -2.1575, 1.063 -1.4941 -0.9029, 1.3386 -1.4941 -0.9029, 1.3386 -0.2343 -2.1575, 1.3386 -0.2343 -1.8425, 1.3386 -0.313 -1.8425, 1.3386 -0.313 -1.3307, 1.3386 -1.1004 -1.3307, 1.3386 0.6308 -0.5512, 1.3386 -0.636 -0.5512, 1.3386 0.6308 -1.1811, 1.3386 -0.636 -0.8241, 1.3386 -1.1004 -1.1811, 1.3386 -1.4154 -0.8241, -1.3386 -1.4941 -0.5512, -1.3386 -1.1004 -0.5512, -0.9843 -1.4941 -0.5512, -0.9843 -1.4941 -0.4331, 0.4724 -1.4941 -0.2362, -0.9465 -1.4941 -0.1181, -0.7217 -1.4941 -0.1181, -0.4724 -1.4941 -0.4331, -0.4724 -1.4941 -0.2362, 0.9843 -1.4941 -0.5512, 1.3386 -1.4941 -0.5512, 0.9843 -1.4941 -0.4331, 0.4724 -1.4941 -0.4331, 1.5748 -1.1004 -0.5512, 1.5748 0.6308 -0.5512, 1.5748 0.6308 -1.1811, 1.5748 1.4941 -1.5748, 1.5748 1.4941 -2.1575, 1.5748 -0.2343 -2.1575, 1.5748 -0.2343 -1.8425, 1.5748 -1.1004 -1.8425, 1.5748 -1.1004 -1.1811, -1.5748 -0.2343 -2.1575, -1.5748 1.4941 -2.1575, -1.1811 1.4941 -2.1575, -0.4921 0.9193 -2.1575, -0.4921 0.9024 -2.1575, -1.1811 0.9193 -2.1575, -0.4921 0.7224 -2.1575, -1.3386 -0.2343 -2.1575, -0.2953 0.9193 -2.1575, 0.2953 0.9193 -2.1575, -0.2953 0.9024 -2.1575, 0.2953 0.9024 -2.1575, -0.2953 0.7224 -2.1575, 0.2953 0.7224 -2.1575, 1.1811 1.4941 -2.1575, 1.1811 0.9193 -2.1575, 0.4921 0.7224 -2.1575, 0.4921 0.9024 -2.1575, 0.4921 0.9193 -2.1575, 0.2953 0.8843 -2.1413, 0.2953 0.8499 -2.0965, 0.2953 0.8282 -2.0442, 0.2953 0.7224 -1.9606, 0.2953 0.8209 -1.9882, 0.2953 0.8209 -1.9606, 0.4921 0.8282 -2.0442, 0.4921 0.8209 -1.9882, 0.4921 0.7224 -1.9606, 0.4921 0.8209 -1.9606, 0.4921 0.8499 -2.0965, 0.4921 0.8843 -2.1413, -0.4921 0.8843 -2.1413, -0.4921 0.8499 -2.0965, -0.4921 0.8282 -2.0442, -0.4921 0.7224 -1.9606, -0.4921 0.8209 -1.9882, -0.4921 0.8209 -1.9606, -0.2953 0.8282 -2.0442, -0.2953 0.8209 -1.9882, -0.2953 0.7224 -1.9606, -0.2953 0.8209 -1.9606, -0.2953 0.8499 -2.0965, -0.2953 0.8843 -2.1413, 0.3937 0.2776 -0.5118, 0.7217 0.2776 -0.5118, 0.7217 0.0 -0.5118, 0.958 0.4744 -0.5118, 0.9843 0.4744 -0.5118, 0.958 0.0 -0.5118, 0.9843 -1.4154 -0.5118, 0.3937 -1.4154 -0.5118, -0.9843 0.4744 -0.5118, -0.9843 0.4744 -0.833, -0.958 0.4744 -0.5118, -0.8513 0.4744 -0.833, -0.8513 0.4744 -0.5118, 0.8513 0.4744 -0.5118, 0.8513 0.4744 -0.833, 0.9843 0.4744 -0.833, 0.2953 0.9193 -1.9606, -0.2953 0.9193 -1.9606, -0.4921 0.9193 -1.9606, -1.1811 0.9193 -1.9606, -1.1811 0.7224 -1.9606, 0.4921 0.9193 -1.9606, 1.1811 0.9193 -1.9606, -1.1811 1.4941 -1.5748, -1.5748 1.4941 -1.5748, 1.1811 1.4941 -1.5748, -1.5748 -1.1004 -1.8425, -1.5748 -1.1004 -1.1811, -1.5748 -0.2343 -1.8425, -1.5748 0.6308 -1.1811, -1.5748 -1.1004 -0.5512, -1.5748 0.6308 -0.5512, -1.5748 0.9193 -1.0, -1.1811 0.9193 -1.0, -1.1811 0.9193 -0.1969, -0.958 0.9193 -0.1969, -1.1811 0.7224 -0.1969, 1.1811 0.7224 -1.9606, 0.9843 -1.4154 -1.8425, 0.9843 -1.4154 -0.8241, 0.9843 0.4744 -1.8425, 0.9843 -0.636 -0.8241, 0.9843 -0.636 -0.5512, 0.9843 0.2776 -0.833, 0.9843 0.2776 -1.1497, 0.9843 0.4744 -1.1497, -0.9843 -1.4154 -1.8425, -0.9843 0.4744 -1.8425, -0.9843 0.4744 -1.1497, -0.9843 0.2776 -1.1497, -0.9843 -1.4154 -0.5118, -0.9843 -0.636 -0.5512, -0.9843 0.2776 -0.833, -0.9843 -0.636 -0.8241, -0.9843 -1.4154 -0.8241, -0.958 0.0 -0.5118, -0.7217 0.2776 -0.5118, -0.3937 0.2776 -0.5118, -0.7217 0.0 -0.5118, -0.3937 -1.4154 -0.5118, -0.3937 -1.4154 -0.315, -0.3937 0.2776 -0.315, 0.3937 -1.4154 -0.315, 0.3937 0.2776 -0.315, 0.689 0.4744 -1.1497, 0.689 0.4744 -1.2742, 0.0984 0.4744 -1.2742, -0.689 0.4744 -1.1497, -0.689 0.4744 -1.2742, -0.0984 0.4744 -1.2742, -0.0984 0.4744 -1.1497, 0.0984 0.4744 -1.1497, -0.958 0.7224 -0.1969, 0.958 0.7224 -0.5118, -0.958 0.7224 -0.5118, 0.2953 0.7224 -1.0433, 0.4921 0.7224 -1.0433, 0.4921 0.7224 -0.8465, -0.2953 0.7224 -0.8465, 0.7217 0.7224 -0.5118, -0.7217 0.7224 -0.5118, -0.4921 0.7224 -0.8465, -0.4921 0.7224 -1.0433, -0.2953 0.7224 -1.0433, 0.2953 0.7224 -0.8465, -0.8513 0.2776 -0.833, -0.8513 0.2776 -0.5118, -0.689 0.2776 -1.1497, -0.689 0.2776 -1.1955, -0.689 0.3563 -1.2742, -0.0984 0.3563 -1.2742, -0.0984 0.2776 -1.1955, -0.0984 0.2776 -1.1497, 0.0984 0.2776 -1.1497, 0.0984 0.2776 -1.1955, 0.0984 0.3563 -1.2742, 0.689 0.3563 -1.2742, 0.689 0.2776 -1.1955, 0.689 0.2776 -1.1497, 0.8513 0.2776 -0.833, 0.8513 0.2776 -0.5118, -0.1181 0.2776 -0.5118, -0.1181 0.2776 -0.833, -0.1181 0.4744 -0.5118, -0.1181 0.4744 -0.833, 0.1181 0.2776 -0.5118, 0.1181 0.4744 -0.5118, 0.1181 0.2776 -0.833, 0.1181 0.4744 -0.833, 0.2953 0.2776 -1.0433, 0.2953 0.2776 -0.8465, 0.4921 0.2776 -0.8465, -0.2953 0.2776 -1.0433, -0.4921 0.2776 -1.0433, -0.2953 0.2776 -0.8465, 0.4921 0.2776 -1.0433, -0.4921 0.2776 -0.8465, -0.4921 0.2776 -0.8465
            ]
        }
        coordIndex [
            0,1,2,-1,3,4,5,-1,6,7,8,-1,9,10,11,-1,12,13,14,-1,15,16,17,-1,18,19,20,-1,21,22,23,-1,23,22,24,-1,25,26,23,-1,23,26,27,-1,23,27,21,-1,28,29,23,-1,23,29,30,-1,23,30,25,-1,31,32,33,-1,33,32,34,-1,33,34,35,-1,36,37,38,-1,38,37,39,-1,38,39,40,-1,40,39,41,-1,40,41,42,-1,38,35,36,-1,36,35,34,-1,36,34,43,-1,34,44,43,-1,43,44,45,-1,43,45,46,-1,46,45,47,-1,46,47,48,-1,49,50,34,-1,34,50,51,-1,34,51,44,-1,52,53,54,-1,54,55,52,-1,52,55,56,-1,52,56,34,-1,34,56,57,-1,34,57,49,-1,58,59,60,-1,60,59,61,-1,60,61,62,-1,62,63,60,-1,60,63,64,-1,60,64,53,-1,53,64,65,-1,53,65,54,-1,60,66,67,-1,68,58,69,-1,69,58,60,-1,69,60,70,-1,70,60,67,-1,66,60,71,-1,71,60,72,-1,71,72,73,-1,74,75,76,-1,76,75,77,-1,78,79,80,-1,80,79,81,-1,81,82,80,-1,80,82,83,-1,80,83,84,-1,84,85,80,-1,80,85,86,-1,80,86,77,-1,77,86,71,-1,77,71,76,-1,76,71,73,-1,87,88,81,-1,81,88,89,-1,81,89,90,-1,90,91,81,-1,81,91,92,-1,81,92,82,-1,93,94,95,-1,96,97,98,-1,99,100,87,-1,101,102,103,-1,103,102,104,-1,96,98,105,-1,99,87,106,-1,107,108,102,-1,102,108,109,-1,102,109,110,-1,95,94,87,-1,87,94,111,-1,87,111,106,-1,97,112,98,-1,98,112,113,-1,98,113,114,-1,115,116,117,-1,117,116,118,-1,117,118,119,-1,120,110,121,-1,121,110,122,-1,121,122,117,-1,117,122,123,-1,117,123,115,-1,120,124,110,-1,110,124,125,-1,110,125,102,-1,102,125,126,-1,102,126,104,-1,127,128,129,-1,129,128,130,-1,129,130,98,-1,98,130,131,-1,98,131,105,-1,132,133,98,-1,98,133,134,-1,98,134,102,-1,102,134,135,-1,102,135,107,-1,136,137,88,-1,88,137,138,-1,88,138,139,-1,139,140,88,-1,88,140,141,-1,88,141,142,-1,142,141,127,-1,142,127,143,-1,143,127,129,-1,100,144,87,-1,87,144,145,-1,87,145,88,-1,88,145,146,-1,88,146,136,-1,114,147,98,-1,98,147,148,-1,98,148,149,-1,149,150,98,-1,98,150,151,-1,98,151,132,-1,152,153,154,-1,154,110,152,-1,152,110,109,-1,152,109,155,-1,155,109,156,-1,156,157,155,-1,155,157,158,-1,155,158,159,-1,160,161,162,-1,161,163,162,-1,162,163,164,-1,162,164,165,-1,166,162,167,-1,153,152,166,-1,166,152,168,-1,166,168,162,-1,162,168,169,-1,162,169,160,-1,167,170,166,-1,166,170,171,-1,166,171,172,-1,165,164,173,-1,173,164,174,-1,173,174,175,-1,175,174,176,-1,175,176,177,-1,178,179,172,-1,172,179,180,-1,172,180,166,-1,22,181,24,-1,24,181,182,-1,24,182,95,-1,95,182,183,-1,95,183,93,-1,184,185,186,-1,20,19,187,-1,187,19,188,-1,187,188,189,-1,190,191,192,-1,192,191,193,-1,192,193,194,-1,194,193,184,-1,194,184,195,-1,196,197,198,-1,198,197,199,-1,198,199,189,-1,186,185,200,-1,200,185,201,-1,200,201,202,-1,203,204,205,-1,206,207,208,-1,208,207,209,-1,208,209,210,-1,210,209,203,-1,210,203,211,-1,211,203,205,-1,212,213,214,-1,215,216,217,-1,218,219,212,-1,219,220,212,-1,212,220,221,-1,212,221,213,-1,213,221,222,-1,215,217,212,-1,212,217,223,-1,212,223,218,-1,224,225,226,-1,226,225,227,-1,226,227,214,-1,214,227,228,-1,214,228,212,-1,229,230,17,-1,231,232,233,-1,234,235,17,-1,17,235,236,-1,222,237,213,-1,213,237,238,-1,213,238,233,-1,233,238,239,-1,233,239,231,-1,232,240,233,-1,233,240,241,-1,233,241,242,-1,242,241,243,-1,242,243,229,-1,244,245,230,-1,230,245,246,-1,230,246,17,-1,17,246,247,-1,17,247,234,-1,236,248,17,-1,17,248,249,-1,17,249,15,-1,250,251,252,-1,252,251,253,-1,252,253,254,-1,252,255,250,-1,250,255,256,-1,250,256,257,-1,257,258,250,-1,250,258,259,-1,250,259,260,-1,260,259,261,-1,260,261,262,-1,262,261,263,-1,262,263,230,-1,230,263,264,-1,230,264,244,-1,265,266,254,-1,254,266,267,-1,254,267,252,-1,268,269,216,-1,216,269,270,-1,216,270,217,-1,268,271,269,-1,269,271,272,-1,269,272,273,-1,273,272,274,-1,273,275,276,-1,274,277,273,-1,273,277,278,-1,273,278,279,-1,279,280,273,-1,273,280,281,-1,273,281,275,-1,276,282,273,-1,273,282,283,-1,273,283,284,-1,285,286,287,-1,288,289,287,-1,287,289,290,-1,287,290,285,-1,286,285,291,-1,291,285,292,-1,291,292,293,-1,289,294,290,-1,290,294,295,-1,290,295,296,-1,296,295,297,-1,296,297,298,-1,298,297,299,-1,298,299,293,-1,293,299,300,-1,293,300,291,-1,301,302,303,-1,303,302,304,-1,305,306,307,-1,307,306,308,-1,307,308,309,-1,309,308,310,-1,309,310,311,-1,311,310,312,-1,311,312,313,-1,313,312,314,-1,313,314,315,-1,315,314,316,-1,317,318,319,-1,303,312,301,-1,301,312,310,-1,301,310,320,-1,320,310,321,-1,320,321,319,-1,319,321,322,-1,319,322,317,-1,304,302,323,-1,323,302,324,-1,323,324,317,-1,325,326,327,-1,327,326,328,-1,4,329,330,-1,330,329,331,-1,330,331,9,-1,332,333,334,-1,332,334,335,-1,317,324,318,-1,318,324,336,-1,318,336,337,-1,337,336,338,-1,337,338,334,-1,334,338,339,-1,334,339,335,-1,333,340,334,-1,334,340,341,-1,334,341,342,-1,342,343,334,-1,334,343,344,-1,334,344,345,-1,345,346,334,-1,334,346,347,-1,334,347,348,-1,348,347,349,-1,349,347,350,-1,350,347,351,-1,350,351,352,-1,352,353,350,-1,350,353,354,-1,350,354,355,-1,355,354,356,-1,357,358,359,-1,359,358,360,-1,359,360,324,-1,324,360,361,-1,324,361,336,-1,362,363,364,-1,364,365,362,-1,362,365,366,-1,362,366,367,-1,368,369,362,-1,362,369,370,-1,362,370,363,-1,7,371,372,-1,372,371,373,-1,372,373,368,-1,368,373,374,-1,368,374,369,-1,8,375,376,-1,376,377,8,-1,8,377,378,-1,8,378,6,-1,375,8,379,-1,379,8,380,-1,379,380,381,-1,381,380,382,-1,382,380,213,-1,382,213,383,-1,337,384,318,-1,318,384,385,-1,318,385,386,-1,386,385,387,-1,386,387,388,-1,389,390,391,-1,391,390,392,-1,393,394,395,-1,396,397,213,-1,389,398,390,-1,390,398,399,-1,390,399,400,-1,400,399,401,-1,402,403,401,-1,401,403,404,-1,401,404,400,-1,405,406,393,-1,393,406,407,-1,393,407,394,-1,397,408,213,-1,213,408,409,-1,213,409,410,-1,411,412,413,-1,413,412,414,-1,413,414,415,-1,416,417,380,-1,380,417,418,-1,380,418,213,-1,213,418,419,-1,213,419,396,-1,395,420,393,-1,393,420,421,-1,393,421,380,-1,380,421,392,-1,380,392,416,-1,416,392,390,-1,422,423,401,-1,401,423,424,-1,401,424,425,-1,410,426,213,-1,213,426,427,-1,213,427,214,-1,214,427,428,-1,214,428,413,-1,425,429,401,-1,401,429,430,-1,401,430,402,-1,431,432,433,-1,433,432,434,-1,432,435,434,-1,434,435,436,-1,434,436,393,-1,393,436,437,-1,393,437,405,-1,438,439,17,-1,17,439,440,-1,229,17,242,-1,242,17,440,-1,242,440,207,-1,207,440,441,-1,207,441,209,-1,442,439,443,-1,443,439,438,-1,443,438,444,-1,445,446,447,-1,448,449,438,-1,438,449,450,-1,438,450,444,-1,451,452,16,-1,16,452,445,-1,16,445,17,-1,17,445,447,-1,17,447,438,-1,438,447,453,-1,438,453,454,-1,455,456,457,-1,457,456,458,-1,457,458,445,-1,445,458,459,-1,445,459,446,-1,454,460,438,-1,438,460,461,-1,438,461,448,-1,462,463,464,-1,462,464,465,-1,463,466,464,-1,464,466,467,-1,464,467,457,-1,457,467,468,-1,457,468,455,-1,3,469,470,-1,470,469,464,-1,470,464,471,-1,471,464,457,-1,471,457,472,-1,472,457,445,-1,472,445,473,-1,473,445,452,-1,473,452,474,-1,474,452,433,-1,474,433,475,-1,475,433,434,-1,451,224,452,-1,452,224,226,-1,452,226,433,-1,433,226,214,-1,433,214,431,-1,431,214,413,-1,431,413,476,-1,476,413,415,-1,469,186,464,-1,464,186,200,-1,464,200,465,-1,465,200,202,-1,465,202,206,-1,206,202,18,-1,206,18,207,-1,207,18,20,-1,4,330,5,-1,5,330,477,-1,5,477,478,-1,479,95,480,-1,480,95,87,-1,480,87,481,-1,481,87,81,-1,481,81,482,-1,482,81,79,-1,482,79,483,-1,479,484,485,-1,484,486,485,-1,485,486,487,-1,485,487,481,-1,481,487,488,-1,481,488,480,-1,489,490,491,-1,491,490,487,-1,491,487,492,-1,492,487,486,-1,492,486,493,-1,493,486,494,-1,199,195,189,-1,189,195,184,-1,189,184,187,-1,187,184,186,-1,187,186,495,-1,496,497,478,-1,478,497,498,-1,499,500,501,-1,501,500,502,-1,501,502,478,-1,478,502,503,-1,478,503,496,-1,498,504,478,-1,478,504,505,-1,478,505,506,-1,3,5,469,-1,469,5,478,-1,469,478,186,-1,186,478,506,-1,186,506,495,-1,495,507,187,-1,187,507,508,-1,187,508,501,-1,501,508,509,-1,501,509,510,-1,510,511,501,-1,501,511,512,-1,501,512,499,-1,513,514,478,-1,515,516,517,-1,478,514,501,-1,501,514,518,-1,501,518,519,-1,7,372,8,-1,8,372,485,-1,8,485,380,-1,380,485,481,-1,380,481,393,-1,393,481,482,-1,393,482,434,-1,434,482,483,-1,434,483,475,-1,501,285,187,-1,187,285,290,-1,187,290,20,-1,20,290,296,-1,20,296,207,-1,207,296,320,-1,207,320,242,-1,242,320,319,-1,242,319,233,-1,233,319,318,-1,233,318,213,-1,213,318,386,-1,213,386,383,-1,383,386,388,-1,479,485,95,-1,95,485,372,-1,95,372,24,-1,24,372,520,-1,24,520,23,-1,520,521,23,-1,23,521,0,-1,23,0,368,-1,368,0,2,-1,368,2,372,-1,372,2,522,-1,372,522,520,-1,301,523,298,-1,298,523,524,-1,298,524,525,-1,526,527,298,-1,298,527,528,-1,298,528,296,-1,296,528,529,-1,296,529,530,-1,530,531,296,-1,296,531,532,-1,296,532,533,-1,533,534,296,-1,296,534,535,-1,296,535,320,-1,320,535,536,-1,320,536,301,-1,301,536,537,-1,301,537,523,-1,525,538,298,-1,298,538,539,-1,298,539,526,-1,328,292,327,-1,327,292,285,-1,327,285,540,-1,540,285,501,-1,540,501,541,-1,541,501,519,-1,541,519,477,-1,477,519,542,-1,477,542,478,-1,478,542,515,-1,478,515,513,-1,513,515,517,-1,367,543,362,-1,362,543,544,-1,362,544,368,-1,368,544,545,-1,368,545,23,-1,23,545,40,-1,23,40,28,-1,28,40,42,-1,328,12,292,-1,292,12,14,-1,292,14,293,-1,293,14,546,-1,293,546,298,-1,298,546,547,-1,298,547,301,-1,301,547,548,-1,301,548,302,-1,302,548,549,-1,302,549,324,-1,324,549,550,-1,324,550,359,-1,359,550,551,-1,359,551,357,-1,357,551,544,-1,357,544,552,-1,552,544,543,-1,9,11,330,-1,330,11,553,-1,330,553,477,-1,477,553,554,-1,477,554,541,-1,541,554,555,-1,541,555,540,-1,540,555,556,-1,540,556,327,-1,327,556,557,-1,327,557,325,-1,558,559,13,-1,13,559,38,-1,560,561,558,-1,558,561,559,-1,562,326,563,-1,563,326,557,-1,563,557,564,-1,564,557,565,-1,562,563,566,-1,566,563,567,-1,568,569,570,-1,570,569,571,-1,570,571,572,-1,572,571,573,-1,572,573,574,-1,574,573,575,-1,576,577,578,-1,576,578,573,-1,573,578,579,-1,573,579,580,-1,581,582,583,-1,583,582,584,-1,583,584,585,-1,585,584,586,-1,585,586,580,-1,580,586,575,-1,580,575,573,-1,74,76,587,-1,587,76,588,-1,587,589,74,-1,74,589,590,-1,591,331,78,-1,75,74,592,-1,592,74,590,-1,592,590,593,-1,593,590,594,-1,593,594,78,-1,78,594,595,-1,78,595,591,-1,596,597,598,-1,598,597,331,-1,598,331,599,-1,599,331,591,-1,10,600,557,-1,557,600,601,-1,557,601,565,-1,565,601,602,-1,565,602,603,-1,603,602,604,-1,605,604,606,-1,606,604,602,-1,606,602,607,-1,607,602,608,-1,609,610,611,-1,612,613,614,-1,614,613,615,-1,573,571,616,-1,617,618,619,-1,619,618,620,-1,619,620,621,-1,621,620,622,-1,623,604,624,-1,624,604,605,-1,624,605,576,-1,611,614,609,-1,609,614,615,-1,609,615,616,-1,616,615,621,-1,616,621,573,-1,573,621,622,-1,573,622,576,-1,576,622,625,-1,576,625,624,-1,624,625,626,-1,624,626,627,-1,622,620,628,-1,628,629,622,-1,622,629,630,-1,622,630,631,-1,631,630,632,-1,631,632,633,-1,634,625,635,-1,635,625,636,-1,635,636,637,-1,634,638,625,-1,625,638,639,-1,625,639,626,-1,615,613,640,-1,640,641,615,-1,615,641,642,-1,615,642,643,-1,643,642,644,-1,643,644,645,-1,646,621,647,-1,647,621,648,-1,647,648,649,-1,646,650,621,-1,621,650,651,-1,621,651,619,-1,652,653,654,-1,655,656,657,-1,657,656,658,-1,657,658,654,-1,654,658,659,-1,654,659,652,-1,660,661,662,-1,662,661,663,-1,662,663,664,-1,665,666,655,-1,655,666,667,-1,655,667,656,-1,618,617,668,-1,668,617,669,-1,668,669,633,-1,633,669,649,-1,633,649,631,-1,631,649,648,-1,612,614,670,-1,670,614,671,-1,670,671,645,-1,645,671,672,-1,645,672,643,-1,673,674,627,-1,627,674,624,-1,675,611,676,-1,676,611,610,-1,603,604,677,-1,677,604,623,-1,678,679,680,-1,680,679,681,-1,681,676,680,-1,680,676,610,-1,680,610,609,-1,682,73,683,-1,683,73,32,-1,683,32,681,-1,681,32,684,-1,681,684,676,-1,685,684,686,-1,686,684,32,-1,686,32,687,-1,687,32,31,-1,686,688,685,-1,685,688,672,-1,685,672,675,-1,675,672,671,-1,675,671,611,-1,611,671,614,-1,567,563,564,-1,623,624,677,-1,677,624,674,-1,677,674,564,-1,564,674,689,-1,564,689,567,-1,690,691,692,-1,692,691,693,-1,694,596,658,-1,658,596,598,-1,656,667,695,-1,658,656,694,-1,694,656,695,-1,694,695,693,-1,693,695,696,-1,693,696,692,-1,692,696,697,-1,690,692,698,-1,698,692,699,-1,699,700,698,-1,698,700,701,-1,590,589,702,-1,702,589,703,-1,702,703,660,-1,661,660,704,-1,704,660,703,-1,704,703,701,-1,701,703,705,-1,701,705,698,-1,698,705,706,-1,660,662,707,-1,708,709,710,-1,710,709,711,-1,710,711,707,-1,707,711,702,-1,707,702,660,-1,711,709,712,-1,712,709,713,-1,712,713,714,-1,714,713,715,-1,714,715,659,-1,659,715,652,-1,697,716,692,-1,692,716,717,-1,692,717,699,-1,699,717,718,-1,719,700,720,-1,720,700,699,-1,720,699,721,-1,721,699,718,-1,721,718,722,-1,722,718,723,-1,636,689,637,-1,637,689,674,-1,637,674,673,-1,724,688,687,-1,687,688,686,-1,725,566,567,-1,648,621,615,-1,672,688,726,-1,726,688,724,-1,636,727,689,-1,689,727,728,-1,689,728,729,-1,730,560,731,-1,561,560,732,-1,732,560,730,-1,732,730,726,-1,726,730,733,-1,726,733,672,-1,672,733,734,-1,672,734,643,-1,643,734,735,-1,643,735,727,-1,727,735,736,-1,567,689,725,-1,725,689,729,-1,725,729,731,-1,731,729,736,-1,731,736,730,-1,730,736,735,-1,625,622,636,-1,636,622,631,-1,636,631,727,-1,727,631,648,-1,727,648,643,-1,643,648,615,-1,737,738,663,-1,663,738,664,-1,704,737,661,-1,661,737,663,-1,739,701,719,-1,719,701,700,-1,740,739,741,-1,741,739,719,-1,741,719,720,-1,741,720,742,-1,742,720,721,-1,742,721,743,-1,743,721,722,-1,743,722,744,-1,745,744,723,-1,723,744,722,-1,746,745,747,-1,747,745,723,-1,747,723,718,-1,747,718,748,-1,748,718,717,-1,748,717,749,-1,749,717,716,-1,749,716,750,-1,696,750,697,-1,697,750,716,-1,751,695,666,-1,666,695,667,-1,752,751,665,-1,665,751,666,-1,753,754,755,-1,755,754,756,-1,757,753,758,-1,758,753,755,-1,759,757,760,-1,760,757,758,-1,754,759,756,-1,756,759,760,-1,757,759,761,-1,761,762,757,-1,757,762,763,-1,757,763,751,-1,764,743,744,-1,743,764,740,-1,740,764,765,-1,740,765,739,-1,766,764,754,-1,754,764,744,-1,754,744,759,-1,759,744,745,-1,759,745,761,-1,761,745,746,-1,761,746,767,-1,767,746,749,-1,767,749,763,-1,763,749,750,-1,763,750,751,-1,751,750,696,-1,751,696,695,-1,709,708,768,-1,768,708,738,-1,768,738,765,-1,765,738,737,-1,765,737,739,-1,739,737,704,-1,739,704,701,-1,752,653,751,-1,751,653,652,-1,751,652,757,-1,757,652,715,-1,757,715,753,-1,753,715,713,-1,753,713,754,-1,754,713,709,-1,754,709,766,-1,766,709,768,-1,756,760,755,-1,755,760,758,-1,748,749,747,-1,747,749,746,-1,742,743,741,-1,741,743,740,-1,
        ]
    }
}
Shape{
    appearance Appearance {
        material  Material 	{
            diffuseColor 0.7529411764705882 0.7529411764705882 0.7529411764705882
            specularColor 0.7529411764705882 0.7529411764705882 0.7529411764705882
            ambientIntensity 0.2
            transparency 0
            shininess 0.5
        }
    }
    geometry IndexedFaceSet {
        ccw TRUE
        solid FALSE
        coord DEF co Coordinate {
            point [
                -0.3346 -0.9035 -1.0039, -0.3346 -0.9035 -0.8858, -0.4528 -0.9035 -1.0039, -0.4528 -0.9035 -0.8858, -0.2953 -0.8642 -0.8465, -0.2953 0.2776 -0.8465, -0.4921 -0.8642 -0.8465, -0.4921 0.2776 -0.8465, -0.4921 -0.8642 -1.0433, -0.4921 0.2776 -1.0433, -0.2953 -0.8642 -1.0433, -0.2953 0.2776 -1.0433, -0.2953 1.0177 -1.9882, -0.2953 1.0177 -1.063, -0.2953 0.9193 -1.9606, -0.2953 0.9814 -2.1973, -0.2953 0.9193 -2.1575, -0.2953 0.9291 -2.1757, -0.2953 0.9024 -2.1575, -0.2953 0.8209 -1.9606, -0.2953 0.8209 -1.063, -0.2953 0.8202 -1.0579, -0.2953 1.0103 -1.0069, -0.2953 0.8182 -1.0531, -0.2953 0.9887 -0.9547, -0.2953 0.8151 -1.0491, -0.2953 0.9543 -0.9099, -0.2953 0.811 -1.0459, -0.2953 0.9094 -0.8755, -0.2953 0.8063 -1.044, -0.2953 0.8572 -0.8538, -0.2953 0.8012 -1.0433, -0.2953 0.8012 -0.8465, -0.2953 0.7224 -1.0433, -0.2953 0.7224 -0.8465, -0.2953 1.0276 -2.0052, -0.2953 1.0323 -2.0072, -0.2953 1.0374 -2.0079, -0.2953 1.0374 -2.2047, -0.2953 1.813 -2.0079, -0.2953 1.813 -2.2047, -0.2953 1.0235 -2.0021, -0.2953 1.0204 -1.998, -0.2953 1.0184 -1.9933, -0.4921 0.7224 -1.0433, -0.4921 0.8012 -1.0433, -0.4921 0.9024 -2.1575, -0.4921 0.9193 -2.1575, -0.4921 0.9291 -2.1757, -0.4921 0.9814 -2.1973, -0.4921 1.0204 -1.998, -0.4921 1.0184 -1.9933, -0.4921 0.9193 -1.9606, -0.4921 1.0177 -1.9882, -0.4921 1.0177 -1.063, -0.4921 1.813 -2.0079, -0.4921 1.813 -2.2047, -0.4921 1.0374 -2.0079, -0.4921 1.0374 -2.2047, -0.4921 1.0323 -2.0072, -0.4921 1.0276 -2.0052, -0.4921 1.0235 -2.0021, -0.4921 0.7224 -0.8465, -0.4921 0.8012 -0.8465, -0.4921 0.8063 -1.044, -0.4921 0.8572 -0.8538, -0.4921 0.811 -1.0459, -0.4921 0.9094 -0.8755, -0.4921 0.8151 -1.0491, -0.4921 0.9543 -0.9099, -0.4921 0.8182 -1.0531, -0.4921 0.9887 -0.9547, -0.4921 0.8202 -1.0579, -0.4921 1.0103 -1.0069, -0.4921 0.8209 -1.063, -0.4921 0.8209 -1.9606, -0.4921 0.8843 -2.1413, -0.2953 0.8843 -2.1413, -0.2953 0.8499 -2.0965, -0.4921 0.8499 -2.0965, -0.2953 0.8282 -2.0442, -0.4921 0.8282 -2.0442, -0.2953 0.8209 -1.9882, -0.4921 0.8209 -1.9882, -0.3346 1.8524 -2.0472, -0.3346 1.8524 -2.1654, -0.4528 1.8524 -2.0472, -0.4528 1.8524 -2.1654, 0.4528 -0.9035 -1.0039, 0.4528 -0.9035 -0.8858, 0.3346 -0.9035 -1.0039, 0.3346 -0.9035 -0.8858, 0.4921 -0.8642 -0.8465, 0.4921 0.2776 -0.8465, 0.2953 -0.8642 -0.8465, 0.2953 0.2776 -0.8465, 0.2953 -0.8642 -1.0433, 0.2953 0.2776 -1.0433, 0.4921 -0.8642 -1.0433, 0.4921 0.2776 -1.0433, 0.4921 1.0177 -1.9882, 0.4921 1.0177 -1.063, 0.4921 0.9193 -1.9606, 0.4921 0.9814 -2.1973, 0.4921 0.9193 -2.1575, 0.4921 0.9291 -2.1757, 0.4921 0.9024 -2.1575, 0.4921 0.8209 -1.9606, 0.4921 0.8209 -1.063, 0.4921 0.8202 -1.0579, 0.4921 1.0103 -1.0069, 0.4921 0.8182 -1.0531, 0.4921 0.9887 -0.9547, 0.4921 0.8151 -1.0491, 0.4921 0.9543 -0.9099, 0.4921 0.811 -1.0459, 0.4921 0.9094 -0.8755, 0.4921 0.8063 -1.044, 0.4921 0.8572 -0.8538, 0.4921 0.8012 -1.0433, 0.4921 0.8012 -0.8465, 0.4921 0.7224 -1.0433, 0.4921 0.7224 -0.8465, 0.4921 1.0276 -2.0052, 0.4921 1.0323 -2.0072, 0.4921 1.0374 -2.0079, 0.4921 1.0374 -2.2047, 0.4921 1.813 -2.0079, 0.4921 1.813 -2.2047, 0.4921 1.0235 -2.0021, 0.4921 1.0204 -1.998, 0.4921 1.0184 -1.9933, 0.2953 0.7224 -1.0433, 0.2953 0.8012 -1.0433, 0.2953 0.9024 -2.1575, 0.2953 0.9193 -2.1575, 0.2953 0.9291 -2.1757, 0.2953 0.9814 -2.1973, 0.2953 1.0204 -1.998, 0.2953 1.0184 -1.9933, 0.2953 0.9193 -1.9606, 0.2953 1.0177 -1.9882, 0.2953 1.0177 -1.063, 0.2953 1.813 -2.0079, 0.2953 1.813 -2.2047, 0.2953 1.0374 -2.0079, 0.2953 1.0374 -2.2047, 0.2953 1.0323 -2.0072, 0.2953 1.0276 -2.0052, 0.2953 1.0235 -2.0021, 0.2953 0.7224 -0.8465, 0.2953 0.8012 -0.8465, 0.2953 0.8063 -1.044, 0.2953 0.8572 -0.8538, 0.2953 0.811 -1.0459, 0.2953 0.9094 -0.8755, 0.2953 0.8151 -1.0491, 0.2953 0.9543 -0.9099, 0.2953 0.8182 -1.0531, 0.2953 0.9887 -0.9547, 0.2953 0.8202 -1.0579, 0.2953 1.0103 -1.0069, 0.2953 0.8209 -1.063, 0.2953 0.8209 -1.9606, 0.2953 0.8843 -2.1413, 0.4921 0.8843 -2.1413, 0.4921 0.8499 -2.0965, 0.2953 0.8499 -2.0965, 0.4921 0.8282 -2.0442, 0.2953 0.8282 -2.0442, 0.4921 0.8209 -1.9882, 0.2953 0.8209 -1.9882, 0.4528 1.8524 -2.0472, 0.4528 1.8524 -2.1654, 0.3346 1.8524 -2.0472, 0.3346 1.8524 -2.1654, 0.3346 1.8524 -2.1654
            ]
        }
        coordIndex [
            0,1,2,-1,2,1,3,-1,4,5,6,-1,6,5,7,-1,6,7,8,-1,8,7,9,-1,8,9,10,-1,10,9,11,-1,10,11,4,-1,4,11,5,-1,12,13,14,-1,15,16,17,-1,17,16,18,-1,19,14,20,-1,20,14,13,-1,20,13,21,-1,21,13,22,-1,21,22,23,-1,23,22,24,-1,23,24,25,-1,25,24,26,-1,25,26,27,-1,27,26,28,-1,27,28,29,-1,29,28,30,-1,29,30,31,-1,31,30,32,-1,31,32,33,-1,33,32,34,-1,35,16,36,-1,36,16,15,-1,36,15,37,-1,37,15,38,-1,37,38,39,-1,39,38,40,-1,35,41,16,-1,16,41,42,-1,16,42,14,-1,14,42,43,-1,14,43,12,-1,44,45,33,-1,33,45,31,-1,46,47,48,-1,48,47,49,-1,50,47,51,-1,51,47,52,-1,51,52,53,-1,53,52,54,-1,55,56,57,-1,57,56,58,-1,57,58,59,-1,59,58,49,-1,59,49,60,-1,60,49,47,-1,60,47,61,-1,61,47,50,-1,44,62,45,-1,45,62,63,-1,45,63,64,-1,64,63,65,-1,64,65,66,-1,66,65,67,-1,66,67,68,-1,68,67,69,-1,68,69,70,-1,70,69,71,-1,70,71,72,-1,72,71,73,-1,72,73,74,-1,74,73,54,-1,74,54,75,-1,75,54,52,-1,34,32,62,-1,62,32,63,-1,40,38,56,-1,56,38,58,-1,55,57,39,-1,39,57,37,-1,58,38,15,-1,58,15,49,-1,49,15,17,-1,49,17,48,-1,48,17,46,-1,46,17,18,-1,46,18,76,-1,18,77,76,-1,76,77,78,-1,76,78,79,-1,79,78,80,-1,79,80,81,-1,81,80,82,-1,81,82,83,-1,53,12,51,-1,51,12,43,-1,51,43,50,-1,50,43,42,-1,50,42,61,-1,61,42,41,-1,61,41,60,-1,60,41,35,-1,60,35,59,-1,59,35,36,-1,59,36,57,-1,57,36,37,-1,20,74,19,-1,19,74,75,-1,19,75,82,-1,82,75,83,-1,12,53,13,-1,13,53,54,-1,31,45,29,-1,29,45,64,-1,29,64,27,-1,27,64,66,-1,27,66,25,-1,25,66,68,-1,25,68,23,-1,23,68,70,-1,23,70,21,-1,21,70,72,-1,21,72,20,-1,20,72,74,-1,13,54,73,-1,13,73,22,-1,22,73,71,-1,22,71,24,-1,24,71,69,-1,24,69,26,-1,26,69,67,-1,26,67,28,-1,28,67,65,-1,28,65,30,-1,30,65,63,-1,30,63,32,-1,84,85,86,-1,86,85,87,-1,85,40,87,-1,87,40,56,-1,84,39,85,-1,85,39,40,-1,55,86,56,-1,56,86,87,-1,86,55,84,-1,84,55,39,-1,6,3,4,-1,4,3,1,-1,8,2,6,-1,6,2,3,-1,0,10,1,-1,1,10,4,-1,10,0,8,-1,8,0,2,-1,88,89,90,-1,90,89,91,-1,92,93,94,-1,94,93,95,-1,94,95,96,-1,96,95,97,-1,96,97,98,-1,98,97,99,-1,98,99,92,-1,92,99,93,-1,100,101,102,-1,103,104,105,-1,105,104,106,-1,107,102,108,-1,108,102,101,-1,108,101,109,-1,109,101,110,-1,109,110,111,-1,111,110,112,-1,111,112,113,-1,113,112,114,-1,113,114,115,-1,115,114,116,-1,115,116,117,-1,117,116,118,-1,117,118,119,-1,119,118,120,-1,119,120,121,-1,121,120,122,-1,123,104,124,-1,124,104,103,-1,124,103,125,-1,125,103,126,-1,125,126,127,-1,127,126,128,-1,123,129,104,-1,104,129,130,-1,104,130,102,-1,102,130,131,-1,102,131,100,-1,132,133,121,-1,121,133,119,-1,134,135,136,-1,136,135,137,-1,138,135,139,-1,139,135,140,-1,139,140,141,-1,141,140,142,-1,143,144,145,-1,145,144,146,-1,145,146,147,-1,147,146,137,-1,147,137,148,-1,148,137,135,-1,148,135,149,-1,149,135,138,-1,132,150,133,-1,133,150,151,-1,133,151,152,-1,152,151,153,-1,152,153,154,-1,154,153,155,-1,154,155,156,-1,156,155,157,-1,156,157,158,-1,158,157,159,-1,158,159,160,-1,160,159,161,-1,160,161,162,-1,162,161,142,-1,162,142,163,-1,163,142,140,-1,122,120,150,-1,150,120,151,-1,128,126,144,-1,144,126,146,-1,143,145,127,-1,127,145,125,-1,146,126,103,-1,146,103,137,-1,137,103,105,-1,137,105,136,-1,136,105,134,-1,134,105,106,-1,134,106,164,-1,106,165,164,-1,164,165,166,-1,164,166,167,-1,167,166,168,-1,167,168,169,-1,169,168,170,-1,169,170,171,-1,141,100,139,-1,139,100,131,-1,139,131,138,-1,138,131,130,-1,138,130,149,-1,149,130,129,-1,149,129,148,-1,148,129,123,-1,148,123,147,-1,147,123,124,-1,147,124,145,-1,145,124,125,-1,108,162,107,-1,107,162,163,-1,107,163,170,-1,170,163,171,-1,100,141,101,-1,101,141,142,-1,119,133,117,-1,117,133,152,-1,117,152,115,-1,115,152,154,-1,115,154,113,-1,113,154,156,-1,113,156,111,-1,111,156,158,-1,111,158,109,-1,109,158,160,-1,109,160,108,-1,108,160,162,-1,101,142,161,-1,101,161,110,-1,110,161,159,-1,110,159,112,-1,112,159,157,-1,112,157,114,-1,114,157,155,-1,114,155,116,-1,116,155,153,-1,116,153,118,-1,118,153,151,-1,118,151,120,-1,172,173,174,-1,174,173,175,-1,173,128,175,-1,175,128,144,-1,172,127,173,-1,173,127,128,-1,143,174,144,-1,144,174,175,-1,174,143,172,-1,172,143,127,-1,94,91,92,-1,92,91,89,-1,96,90,94,-1,94,90,91,-1,88,98,89,-1,89,98,92,-1,98,88,96,-1,96,88,90,-1,
        ]
    }
}
Shape{
    appearance Appearance {
        material  Material 	{
            diffuseColor 1.0 1.0 1.0
            specularColor 1.0 1.0 1.0
            ambientIntensity 0.2
            transparency 0
            shininess 0.5
        }
    }
    geometry IndexedFaceSet {
        ccw TRUE
        solid FALSE
        coord DEF co Coordinate {
            point [
                1.5748 -0.2343 -2.1575, 1.5748 -0.2343 -1.8425, 1.3386 -0.2343 -2.1575, 1.3386 -0.2343 -1.8425, 1.3386 -0.313 -1.8425, 1.4567 -0.313 -1.8425, 1.4567 -1.1004 -1.8425, 1.5748 -1.1004 -1.8425, 1.4567 -1.1004 -1.3307, 1.5748 -1.1004 -1.1811, 1.3386 -1.1004 -1.3307, 1.3386 -1.1004 -1.1811, 1.5748 0.6308 -1.1811, 1.3386 0.6308 -1.1811, 1.5748 0.6308 -0.5512, 1.3386 0.6308 -0.5512, 1.3386 -0.636 -0.5512, 1.5748 -1.1004 -0.5512, 0.9843 -0.636 -0.5512, 1.3386 -1.1004 -0.5512, 0.9843 -1.4941 -0.5512, 1.3386 -1.4941 -0.5512, 1.5748 -1.1004 0.0, 1.3386 -1.1004 0.0, 1.3386 -1.4941 0.0, -1.5748 -1.1004 0.0, -1.5748 -1.1004 -0.5512, -1.3386 -1.1004 0.0, -1.3386 -1.1004 -0.5512, -1.5748 0.6308 -0.5512, -1.3386 0.6308 -0.5512, -1.3386 -0.636 -0.5512, -0.9843 -0.636 -0.5512, -1.3386 -1.4941 -0.5512, -0.9843 -1.4941 -0.5512, -1.5748 0.6308 -1.1811, -1.3386 0.6308 -1.1811, -1.5748 -1.1004 -1.1811, -1.3386 -1.1004 -1.1811, -1.3386 -1.1004 -1.3307, -1.4567 -1.1004 -1.3307, -1.4567 -1.1004 -1.8425, -1.5748 -1.1004 -1.8425, -1.4567 -0.313 -1.8425, -1.5748 -0.2343 -1.8425, -1.3386 -0.313 -1.8425, -1.3386 -0.2343 -1.8425, -1.5748 -0.2343 -2.1575, -1.3386 -0.2343 -2.1575, -1.3386 -0.313 -1.3307, -1.3386 -0.636 -0.8241, -1.3386 -1.4941 -2.1575, -1.3386 -1.4941 -0.9029, -1.3386 -1.4154 -0.8241, -1.3386 -1.4154 -0.8241
            ]
        }
        coordIndex [
            0,1,2,-1,2,1,3,-1,4,3,5,-1,5,3,1,-1,5,1,6,-1,6,1,7,-1,6,7,8,-1,8,7,9,-1,8,9,10,-1,10,9,11,-1,9,12,11,-1,11,12,13,-1,12,14,13,-1,13,14,15,-1,15,14,16,-1,16,14,17,-1,16,17,18,-1,18,17,19,-1,18,19,20,-1,20,19,21,-1,17,22,19,-1,19,22,23,-1,23,24,19,-1,19,24,21,-1,25,26,27,-1,27,26,28,-1,29,30,26,-1,26,30,31,-1,26,31,28,-1,28,31,32,-1,28,32,33,-1,33,32,34,-1,29,35,30,-1,30,35,36,-1,35,37,36,-1,36,37,38,-1,39,38,40,-1,40,38,37,-1,40,37,41,-1,41,37,42,-1,41,42,43,-1,43,42,44,-1,43,44,45,-1,45,44,46,-1,44,47,46,-1,46,47,48,-1,39,49,45,-1,31,30,50,-1,50,30,36,-1,50,36,38,-1,46,48,45,-1,45,48,51,-1,45,51,39,-1,39,51,52,-1,39,52,38,-1,38,52,53,-1,38,53,50,-1,
        ]
    }
}
Shape{
    appearance Appearance {
        material  Material 	{
            diffuseColor 1.0 1.0 1.0
            specularColor 0.8784313725490196 0.8784313725490196 0.8784313725490196
            ambientIntensity 0.2
            transparency 0
            shininess 0.5
        }
    }
    geometry IndexedFaceSet {
        ccw TRUE
        solid FALSE
        coord DEF co Coordinate {
            point [
                1.4567 -1.1004 -1.3307, 1.4567 -0.313 -1.3307, 1.4567 -1.1004 -1.8425, 1.4567 -0.313 -1.8425, 1.3386 -0.313 -1.3307, 1.3386 -0.313 -1.8425, 1.3386 -1.1004 -1.3307, -1.3386 -0.313 -1.3307, -1.4567 -0.313 -1.3307, -1.3386 -0.313 -1.8425, -1.4567 -0.313 -1.8425, -1.4567 -1.1004 -1.3307, -1.4567 -1.1004 -1.8425, -1.3386 -1.1004 -1.3307, -1.3386 -1.1004 -1.3307
            ]
        }
        coordIndex [
            0,1,2,-1,2,1,3,-1,1,4,3,-1,3,4,5,-1,1,0,4,-1,4,0,6,-1,7,8,9,-1,9,8,10,-1,8,11,10,-1,10,11,12,-1,8,7,11,-1,11,7,13,-1,
        ]
    }
}
Shape{
    appearance Appearance {
        material  Material 	{
            diffuseColor 1.0 1.0 1.0
            specularColor 1.0 1.0 1.0
            ambientIntensity 0.2
            transparency 0
            shininess 0.5
        }
    }
    geometry IndexedFaceSet {
        ccw TRUE
        solid FALSE
        coord DEF co Coordinate {
            point [
                -0.9843 -1.4154 -0.8241, -0.9843 -0.636 -0.8241, -1.3386 -1.4154 -0.8241, -1.3386 -0.636 -0.8241, -1.3386 -0.636 -0.5512, -0.9843 -0.636 -0.5512, 1.3386 -1.4154 -0.8241, 1.3386 -0.636 -0.8241, 0.9843 -1.4154 -0.8241, 0.9843 -0.636 -0.8241, 1.3386 -0.636 -0.5512, 0.9843 -0.636 -0.5512, -0.3937 -1.4154 -0.5118, -0.4724 -1.4941 -0.4331, -0.9843 -1.4154 -0.5118, -0.9843 -1.4941 -0.4331, -0.3937 -1.4154 -0.315, -0.4724 -1.4941 -0.2362, 0.3937 -1.4154 -0.315, 0.4724 -1.4941 -0.2362, 0.3937 -1.4154 -0.5118, 0.4724 -1.4941 -0.4331, 0.9843 -1.4154 -0.5118, 0.9843 -1.4941 -0.4331, 1.063 -1.4941 -0.9029, 1.3386 -1.4941 -0.9029, 0.9843 -1.4154 -1.8425, 1.063 -1.4941 -1.9213, -0.9843 -1.4154 -1.8425, -1.063 -1.4941 -1.9213, -1.063 -1.4941 -0.9029, -1.3386 -1.4941 -0.9029, -0.958 0.9193 -0.1969, -0.958 0.9193 0.0, -0.958 0.7224 -0.1969, -0.958 0.0 0.0, -0.958 0.0 -0.5118, -0.958 0.4744 -0.5118, -0.958 0.7224 -0.5118, -0.7217 0.9193 0.0, -0.7217 0.9193 -0.1969, -0.7217 0.7224 -0.1969, -0.7217 0.7224 -0.5118, -0.7217 0.2776 -0.5118, -0.7217 0.0 0.0, -0.7217 0.0 -0.5118, -0.8513 0.2776 -0.5118, -0.8513 0.4744 -0.5118, 0.958 0.9193 0.0, 0.958 0.9193 -0.1969, 0.958 0.7224 -0.1969, 0.958 0.7224 -0.5118, 0.958 0.4744 -0.5118, 0.958 0.0 0.0, 0.958 0.0 -0.5118, 0.7217 0.2776 -0.5118, 0.7217 0.7224 -0.5118, 0.7217 0.7224 -0.1969, 0.7217 0.0 -0.5118, 0.7217 0.0 0.0, 0.7217 0.9193 0.0, 0.7217 0.9193 -0.1969, 0.8513 0.4744 -0.5118, 0.8513 0.2776 -0.5118, -0.9465 -1.4941 -0.1181, -0.9465 -1.2441 -0.1181, -0.9465 -1.4941 0.0, -0.9465 -1.2441 0.0, -0.7217 -1.2441 -0.1181, -0.7217 -1.2441 0.0, -0.7217 -1.4941 -0.1181, -0.7217 -1.4941 0.0, 1.1811 1.4941 -1.5748, 1.1811 0.9193 -1.0, 1.5748 1.4941 -1.5748, 1.5748 0.9193 -1.0, -1.5748 1.4941 -1.5748, -1.5748 0.9193 -1.0, -1.1811 1.4941 -1.5748, -1.1811 0.9193 -1.0, -1.1811 0.9193 -1.0
            ]
        }
        coordIndex [
            0,1,2,-1,2,1,3,-1,4,3,5,-1,5,3,1,-1,6,7,8,-1,8,7,9,-1,10,11,7,-1,7,11,9,-1,12,13,14,-1,14,13,15,-1,16,17,12,-1,12,17,13,-1,18,19,16,-1,16,19,17,-1,20,21,18,-1,18,21,19,-1,22,23,20,-1,20,23,21,-1,8,24,6,-1,6,24,25,-1,26,27,8,-1,8,27,24,-1,28,29,26,-1,26,29,27,-1,0,30,28,-1,28,30,29,-1,2,31,0,-1,0,31,30,-1,32,33,34,-1,34,33,35,-1,35,36,34,-1,34,36,37,-1,34,37,38,-1,39,40,41,-1,41,42,43,-1,39,41,44,-1,44,41,43,-1,44,43,45,-1,46,43,47,-1,47,43,42,-1,47,42,37,-1,37,42,38,-1,44,45,35,-1,35,45,36,-1,48,49,50,-1,50,51,52,-1,48,50,53,-1,53,50,52,-1,53,52,54,-1,55,56,57,-1,58,55,59,-1,59,55,57,-1,59,57,60,-1,60,57,61,-1,52,51,62,-1,62,51,56,-1,62,56,63,-1,63,56,55,-1,53,54,59,-1,59,54,58,-1,64,65,66,-1,66,65,67,-1,65,68,67,-1,67,68,69,-1,68,70,69,-1,69,70,71,-1,70,68,64,-1,64,68,65,-1,72,73,74,-1,74,73,75,-1,76,77,78,-1,78,77,79,-1,
        ]
    }
}
Shape{
    appearance Appearance {
        material  Material 	{
            diffuseColor 0.0 0.0 0.0
            specularColor 0.0 0.0 0.0
            ambientIntensity 0.2
            transparency 0
            shininess 0.5
        }
    }
    geometry IndexedFaceSet {
        ccw TRUE
        solid FALSE
        coord DEF co Coordinate {
            point [
                0.1738 -0.3686 0.0004, 0.1738 -0.3777 0.0004, 0.1738 -0.3686 0.0, 0.1738 -0.3777 0.0, 0.1419 -0.3686 0.0004, 0.1419 -0.3686 0.0, 0.1419 -0.2977 0.0004, 0.1419 -0.2977 0.0, 0.1316 -0.2977 0.0004, 0.1316 -0.2977 0.0, 0.1316 -0.3777 0.0004, 0.1316 -0.3777 0.0, 0.237 -0.3744 0.0, 0.237 -0.3744 0.0004, 0.2357 -0.3751 0.0004, 0.2271 -0.3779 0.0004, 0.2149 -0.3791 0.0004, 0.2219 -0.3784 0.0, 0.2149 -0.3791 0.0, 0.2271 -0.3779 0.0, 0.2336 -0.3758 0.0, 0.2357 -0.3751 0.0, 0.237 -0.3645 0.0004, 0.237 -0.3645 0.0, 0.2336 -0.3661 0.0, 0.2291 -0.3681 0.0004, 0.2291 -0.3681 0.0, 0.2201 -0.3697 0.0, 0.2201 -0.3697 0.0004, 0.2163 -0.3699 0.0, 0.2163 -0.3699 0.0004, 0.2092 -0.3691 0.0, 0.2092 -0.3691 0.0004, 0.2033 -0.3671 0.0, 0.2033 -0.3671 0.0004, 0.1979 -0.3635 0.0, 0.1979 -0.3635 0.0004, 0.1958 -0.3614 0.0, 0.1958 -0.3614 0.0004, 0.192 -0.3563 0.0, 0.192 -0.3563 0.0004, 0.1894 -0.3499 0.0, 0.1894 -0.3499 0.0004, 0.188 -0.342 0.0, 0.188 -0.342 0.0004, 0.1879 -0.3386 0.0, 0.1879 -0.3386 0.0004, 0.1892 -0.3276 0.0, 0.1892 -0.3276 0.0004, 0.1919 -0.3207 0.0, 0.1919 -0.3207 0.0004, 0.1958 -0.3152 0.0, 0.1958 -0.3152 0.0004, 0.1963 -0.3145 0.0, 0.1963 -0.3145 0.0004, 0.2014 -0.3103 0.0, 0.2014 -0.3103 0.0004, 0.2076 -0.3073 0.0, 0.2076 -0.3073 0.0004, 0.2145 -0.3058 0.0, 0.2145 -0.3058 0.0004, 0.2181 -0.3057 0.0, 0.2181 -0.3057 0.0004, 0.237 -0.3104 0.0, 0.237 -0.3104 0.0004, 0.2361 -0.3099 0.0004, 0.228 -0.3068 0.0, 0.228 -0.3068 0.0004, 0.2336 -0.309 0.0, 0.2361 -0.3099 0.0, 0.237 -0.2996 0.0004, 0.237 -0.2996 0.0, 0.2336 -0.2986 0.0, 0.2285 -0.2971 0.0004, 0.218 -0.2963 0.0, 0.218 -0.2963 0.0004, 0.2266 -0.297 0.0, 0.2285 -0.2971 0.0, 0.2125 -0.297 0.0, 0.2065 -0.2977 0.0004, 0.2065 -0.2977 0.0, 0.1981 -0.301 0.0, 0.1981 -0.301 0.0004, 0.1906 -0.3062 0.0, 0.1906 -0.3062 0.0004, 0.1886 -0.3081 0.0, 0.1886 -0.3081 0.0004, 0.1828 -0.3157 0.0, 0.1828 -0.3157 0.0004, 0.1807 -0.3208 0.0, 0.179 -0.3246 0.0004, 0.179 -0.3246 0.0, 0.1772 -0.335 0.0, 0.1772 -0.335 0.0004, 0.1771 -0.3392 0.0, 0.1771 -0.3392 0.0004, 0.1786 -0.3522 0.0, 0.1786 -0.3522 0.0004, 0.1807 -0.3574 0.0, 0.1819 -0.3606 0.0004, 0.1819 -0.3606 0.0, 0.1867 -0.3674 0.0, 0.1867 -0.3674 0.0004, 0.1873 -0.3682 0.0, 0.1873 -0.3682 0.0004, 0.2086 -0.3787 0.0004, 0.1928 -0.3729 0.0, 0.1928 -0.3729 0.0004, 0.2002 -0.3767 0.0, 0.2002 -0.3767 0.0004, 0.2074 -0.3784 0.0, 0.2086 -0.3787 0.0, 0.2961 -0.3686 0.0004, 0.2961 -0.3777 0.0004, 0.2961 -0.3686 0.0, 0.2961 -0.3777 0.0, 0.2634 -0.3686 0.0, 0.2634 -0.3686 0.0004, 0.285 -0.3686 0.0, 0.2634 -0.3417 0.0004, 0.2634 -0.3417 0.0, 0.292 -0.3417 0.0, 0.292 -0.3417 0.0004, 0.285 -0.3417 0.0, 0.292 -0.3325 0.0004, 0.292 -0.3325 0.0, 0.2634 -0.3325 0.0, 0.2634 -0.3325 0.0004, 0.285 -0.3325 0.0, 0.2634 -0.3069 0.0004, 0.2634 -0.3069 0.0, 0.2943 -0.3069 0.0, 0.2943 -0.3069 0.0004, 0.285 -0.3069 0.0, 0.2943 -0.2977 0.0004, 0.2943 -0.2977 0.0, 0.253 -0.2977 0.0, 0.253 -0.2977 0.0004, 0.285 -0.2977 0.0, 0.253 -0.3777 0.0004, 0.253 -0.3777 0.0, 0.285 -0.3777 0.0, 0.3643 -0.3665 0.0004, 0.356 -0.3612 0.0004, 0.3559 -0.3725 0.0004, 0.3509 -0.3647 0.0004, 0.3468 -0.3761 0.0004, 0.3442 -0.3673 0.0004, 0.3333 -0.3777 0.0004, 0.3332 -0.3686 0.0004, 0.3112 -0.3777 0.0004, 0.3216 -0.3686 0.0004, 0.3112 -0.2977 0.0004, 0.3216 -0.3069 0.0004, 0.3341 -0.2977 0.0004, 0.3337 -0.3069 0.0004, 0.3342 -0.3069 0.0004, 0.3463 -0.299 0.0004, 0.3446 -0.3082 0.0004, 0.356 -0.3026 0.0004, 0.3514 -0.3108 0.0004, 0.3643 -0.3083 0.0004, 0.3568 -0.3144 0.0004, 0.3672 -0.3111 0.0004, 0.359 -0.3166 0.0004, 0.3721 -0.318 0.0004, 0.3621 -0.3211 0.0004, 0.3751 -0.3257 0.0004, 0.3644 -0.327 0.0004, 0.3764 -0.3367 0.0004, 0.3656 -0.337 0.0004, 0.3762 -0.3418 0.0004, 0.3653 -0.3423 0.0004, 0.3742 -0.3512 0.0004, 0.3637 -0.3496 0.0004, 0.3703 -0.3594 0.0004, 0.3609 -0.3555 0.0004, 0.357 -0.3603 0.0004, 0.3333 -0.3777 0.0, 0.3112 -0.3777 0.0, 0.3468 -0.3761 0.0, 0.3559 -0.3725 0.0, 0.3643 -0.3665 0.0, 0.3703 -0.3594 0.0, 0.3742 -0.3512 0.0, 0.3762 -0.3418 0.0, 0.3764 -0.3367 0.0, 0.3751 -0.3257 0.0, 0.3721 -0.318 0.0, 0.3672 -0.3111 0.0, 0.3643 -0.3083 0.0, 0.356 -0.3026 0.0, 0.3463 -0.299 0.0, 0.3341 -0.2977 0.0, 0.3112 -0.2977 0.0, 0.3337 -0.3069 0.0, 0.3216 -0.3069 0.0, 0.3216 -0.3686 0.0, 0.3332 -0.3686 0.0, 0.357 -0.3603 0.0, 0.356 -0.3612 0.0, 0.3509 -0.3647 0.0, 0.3442 -0.3673 0.0, 0.3656 -0.337 0.0, 0.3653 -0.3423 0.0, 0.3637 -0.3496 0.0, 0.3609 -0.3555 0.0, 0.3568 -0.3144 0.0, 0.359 -0.3166 0.0, 0.3621 -0.3211 0.0, 0.3644 -0.327 0.0, 0.3342 -0.3069 0.0, 0.3446 -0.3082 0.0, 0.3514 -0.3108 0.0, 0.3514 -0.3108 0.0
            ]
        }
        coordIndex [
            0,1,2,-1,2,1,3,-1,4,0,5,-1,5,0,2,-1,6,4,7,-1,7,4,5,-1,8,6,9,-1,9,6,7,-1,10,8,11,-1,11,8,9,-1,1,10,3,-1,3,10,11,-1,6,8,4,-1,4,8,10,-1,4,10,0,-1,0,10,1,-1,12,13,14,-1,15,16,17,-1,17,16,18,-1,17,19,15,-1,15,19,20,-1,15,20,14,-1,14,20,21,-1,14,21,12,-1,22,13,23,-1,23,13,12,-1,22,23,24,-1,22,24,25,-1,24,26,25,-1,25,26,27,-1,25,27,28,-1,28,27,29,-1,28,29,30,-1,30,29,31,-1,30,31,32,-1,32,31,33,-1,32,33,34,-1,34,33,35,-1,34,35,36,-1,36,35,37,-1,36,37,38,-1,38,37,39,-1,38,39,40,-1,40,39,41,-1,40,41,42,-1,42,41,43,-1,42,43,44,-1,44,43,45,-1,44,45,46,-1,46,45,47,-1,46,47,48,-1,48,47,49,-1,48,49,50,-1,50,49,51,-1,50,51,52,-1,52,51,53,-1,52,53,54,-1,54,53,55,-1,54,55,56,-1,56,55,57,-1,56,57,58,-1,58,57,59,-1,58,59,60,-1,60,59,61,-1,60,61,62,-1,63,64,65,-1,62,61,66,-1,62,66,67,-1,67,66,68,-1,67,68,65,-1,65,68,69,-1,65,69,63,-1,70,64,71,-1,71,64,63,-1,70,71,72,-1,70,72,73,-1,74,75,76,-1,76,75,73,-1,76,73,77,-1,77,73,72,-1,75,74,78,-1,75,78,79,-1,78,80,79,-1,79,80,81,-1,79,81,82,-1,82,81,83,-1,82,83,84,-1,84,83,85,-1,84,85,86,-1,86,85,87,-1,86,87,88,-1,88,87,89,-1,88,89,90,-1,89,91,90,-1,90,91,92,-1,90,92,93,-1,93,92,94,-1,93,94,95,-1,95,94,96,-1,95,96,97,-1,97,96,98,-1,97,98,99,-1,98,100,99,-1,99,100,101,-1,99,101,102,-1,102,101,103,-1,102,103,104,-1,18,16,105,-1,104,103,106,-1,104,106,107,-1,107,106,108,-1,107,108,109,-1,109,108,110,-1,109,110,105,-1,105,110,111,-1,105,111,18,-1,86,54,84,-1,84,54,56,-1,84,56,82,-1,95,46,93,-1,93,46,48,-1,93,48,90,-1,90,48,88,-1,88,48,50,-1,88,50,86,-1,86,50,52,-1,86,52,54,-1,82,56,79,-1,79,56,58,-1,79,58,75,-1,13,22,14,-1,14,22,25,-1,14,25,15,-1,15,25,28,-1,15,28,16,-1,16,28,30,-1,16,30,105,-1,105,30,32,-1,105,32,109,-1,109,32,34,-1,109,34,107,-1,107,34,36,-1,107,36,104,-1,104,36,38,-1,104,38,102,-1,102,38,40,-1,102,40,99,-1,99,40,97,-1,97,40,42,-1,97,42,95,-1,95,42,44,-1,95,44,46,-1,58,60,75,-1,75,60,62,-1,75,62,73,-1,73,62,67,-1,73,67,70,-1,70,67,65,-1,70,65,64,-1,112,113,114,-1,114,113,115,-1,116,117,118,-1,118,117,112,-1,118,112,114,-1,119,117,120,-1,120,117,116,-1,121,122,123,-1,123,122,119,-1,123,119,120,-1,124,122,125,-1,125,122,121,-1,126,127,128,-1,128,127,124,-1,128,124,125,-1,129,127,130,-1,130,127,126,-1,131,132,133,-1,133,132,129,-1,133,129,130,-1,134,132,135,-1,135,132,131,-1,136,137,138,-1,138,137,134,-1,138,134,135,-1,139,137,140,-1,140,137,136,-1,115,113,141,-1,141,113,139,-1,141,139,140,-1,139,113,112,-1,112,117,139,-1,139,117,119,-1,139,119,137,-1,132,134,129,-1,129,134,137,-1,129,137,127,-1,127,137,119,-1,127,119,124,-1,124,119,122,-1,142,143,144,-1,144,143,145,-1,144,145,146,-1,146,145,147,-1,146,147,148,-1,148,147,149,-1,148,149,150,-1,150,149,151,-1,150,151,152,-1,152,151,153,-1,152,153,154,-1,153,155,154,-1,154,155,156,-1,154,156,157,-1,157,156,158,-1,157,158,159,-1,159,158,160,-1,159,160,161,-1,161,160,162,-1,161,162,163,-1,163,162,164,-1,163,164,165,-1,165,164,166,-1,165,166,167,-1,167,166,168,-1,167,168,169,-1,169,168,170,-1,169,170,171,-1,171,170,172,-1,171,172,173,-1,173,172,174,-1,173,174,175,-1,175,174,176,-1,175,176,142,-1,142,176,177,-1,142,177,143,-1,148,150,178,-1,178,150,179,-1,148,178,180,-1,148,180,146,-1,146,180,181,-1,146,181,144,-1,144,181,182,-1,144,182,142,-1,142,182,183,-1,142,183,175,-1,175,183,184,-1,175,184,173,-1,173,184,185,-1,173,185,171,-1,171,185,186,-1,171,186,169,-1,169,186,187,-1,169,187,167,-1,167,187,188,-1,167,188,165,-1,165,188,189,-1,165,189,163,-1,163,189,190,-1,163,190,161,-1,161,190,191,-1,161,191,159,-1,159,191,192,-1,159,192,157,-1,157,192,193,-1,157,193,154,-1,152,154,194,-1,194,154,193,-1,150,152,179,-1,179,152,194,-1,155,153,195,-1,195,153,196,-1,153,151,196,-1,196,151,197,-1,151,149,197,-1,197,149,198,-1,177,199,200,-1,177,200,143,-1,143,200,201,-1,143,201,145,-1,145,201,202,-1,145,202,147,-1,147,202,198,-1,147,198,149,-1,170,203,204,-1,170,204,172,-1,172,204,205,-1,172,205,174,-1,174,205,206,-1,174,206,176,-1,176,206,199,-1,176,199,177,-1,162,207,208,-1,162,208,164,-1,164,208,209,-1,164,209,166,-1,166,209,210,-1,166,210,168,-1,168,210,203,-1,168,203,170,-1,155,195,211,-1,155,211,156,-1,156,211,212,-1,156,212,158,-1,158,212,213,-1,158,213,160,-1,160,213,207,-1,160,207,162,-1,
        ]
    }
}
Shape{
    appearance Appearance {
        material  Material 	{
            diffuseColor 1.0 1.0 1.0
            specularColor 1.0 1.0 1.0
            ambientIntensity 0.2
            transparency 0
            shininess 0.5
        }
    }
    geometry IndexedFaceSet {
        ccw TRUE
        solid FALSE
        coord DEF co Coordinate {
            point [
                0.3509 -0.3647 0.0, 0.356 -0.3612 0.0, 0.3342 -0.3069 0.0, 0.3216 -0.3069 0.0, 0.3216 -0.3686 0.0, 0.3337 -0.3069 0.0, 0.3332 -0.3686 0.0, 0.3442 -0.3673 0.0, 0.357 -0.3603 0.0, 0.3609 -0.3555 0.0, 0.3637 -0.3496 0.0, 0.3656 -0.337 0.0, 0.3568 -0.3144 0.0, 0.3514 -0.3108 0.0, 0.3644 -0.327 0.0, 0.3621 -0.3211 0.0, 0.359 -0.3166 0.0, 0.3653 -0.3423 0.0, 0.3446 -0.3082 0.0, 0.3446 -0.3082 0.0
            ]
        }
        coordIndex [
            0,1,2,-1,3,4,5,-1,5,4,6,-1,5,6,2,-1,2,6,7,-1,2,7,0,-1,1,8,2,-1,2,8,9,-1,2,9,10,-1,11,12,13,-1,14,15,11,-1,11,15,16,-1,11,16,12,-1,10,17,2,-1,2,17,11,-1,2,11,18,-1,18,11,13,-1,
        ]
    }
}
Shape{
    appearance Appearance {
        material  Material 	{
            diffuseColor 0.0 0.0 0.0
            specularColor 0.0 0.0 0.0
            ambientIntensity 0.2
            transparency 0
            shininess 0.5
        }
    }
    geometry IndexedFaceSet {
        ccw TRUE
        solid FALSE
        coord DEF co Coordinate {
            point [
                0.4033 -0.3468 0.0004, 0.4 -0.3558 0.0004, 0.4301 -0.3468 0.0004, 0.4333 -0.3558 0.0004, 0.4152 -0.3135 0.0004, 0.4114 -0.2977 0.0004, 0.3809 -0.3777 0.0004, 0.3923 -0.3777 0.0004, 0.4159 -0.3111 0.0004, 0.4165 -0.3079 0.0004, 0.4224 -0.2977 0.0004, 0.4168 -0.3079 0.0004, 0.4174 -0.3113 0.0004, 0.418 -0.3135 0.0004, 0.4529 -0.3777 0.0004, 0.4415 -0.3777 0.0004, 0.4224 -0.2977 0.0, 0.4529 -0.3777 0.0, 0.4114 -0.2977 0.0, 0.3809 -0.3777 0.0, 0.4039 -0.3172 0.0, 0.3923 -0.3777 0.0, 0.4 -0.3558 0.0, 0.4333 -0.3558 0.0, 0.4039 -0.3558 0.0, 0.4415 -0.3777 0.0, 0.4033 -0.3468 0.0, 0.4301 -0.3468 0.0, 0.418 -0.3135 0.0, 0.4168 -0.3079 0.0, 0.4174 -0.3113 0.0, 0.4165 -0.3079 0.0, 0.4152 -0.3135 0.0, 0.4159 -0.3111 0.0, 0.4159 -0.3111 0.0
            ]
        }
        coordIndex [
            0,1,2,-1,2,1,3,-1,4,5,0,-1,0,5,6,-1,0,6,1,-1,1,6,7,-1,4,8,5,-1,5,8,9,-1,5,9,10,-1,10,9,11,-1,10,11,12,-1,12,13,10,-1,10,13,2,-1,10,2,14,-1,14,2,3,-1,14,3,15,-1,10,14,16,-1,16,14,17,-1,5,10,18,-1,18,10,16,-1,19,6,20,-1,20,6,5,-1,20,5,18,-1,7,6,21,-1,21,6,19,-1,1,7,22,-1,22,7,21,-1,23,3,24,-1,24,3,1,-1,24,1,22,-1,15,3,25,-1,25,3,23,-1,14,15,17,-1,17,15,25,-1,0,2,26,-1,26,2,27,-1,2,13,27,-1,27,13,28,-1,11,29,30,-1,11,30,12,-1,12,30,28,-1,12,28,13,-1,11,9,29,-1,29,9,31,-1,4,32,33,-1,4,33,8,-1,8,33,31,-1,8,31,9,-1,4,0,32,-1,32,0,26,-1,
        ]
    }
}
Shape{
    appearance Appearance {
        material  Material 	{
            diffuseColor 1.0 1.0 1.0
            specularColor 1.0 1.0 1.0
            ambientIntensity 0.2
            transparency 0
            shininess 0.5
        }
    }
    geometry IndexedFaceSet {
        ccw TRUE
        solid FALSE
        coord DEF co Coordinate {
            point [
                0.4168 -0.3079 0.0, 0.4165 -0.3079 0.0, 0.4174 -0.3113 0.0, 0.4159 -0.3111 0.0, 0.418 -0.3135 0.0, 0.4152 -0.3135 0.0, 0.4301 -0.3468 0.0, 0.4033 -0.3468 0.0, 0.4033 -0.3468 0.0
            ]
        }
        coordIndex [
            0,1,2,-1,2,1,3,-1,2,3,4,-1,4,3,5,-1,4,5,6,-1,6,5,7,-1,
        ]
    }
}
Shape{
    appearance Appearance {
        material  Material 	{
            diffuseColor 0.0 0.0 0.0
            specularColor 0.0 0.0 0.0
            ambientIntensity 0.2
            transparency 0
            shininess 0.5
        }
    }
    geometry IndexedFaceSet {
        ccw TRUE
        solid FALSE
        coord DEF co Coordinate {
            point [
                0.1746 -0.4956 0.0004, 0.1746 -0.5048 0.0004, 0.1746 -0.4956 0.0, 0.1746 -0.5048 0.0, 0.1419 -0.4956 0.0004, 0.1419 -0.4956 0.0, 0.1419 -0.4687 0.0004, 0.1419 -0.4687 0.0, 0.1705 -0.4687 0.0004, 0.1705 -0.4687 0.0, 0.1705 -0.4595 0.0004, 0.1705 -0.4595 0.0, 0.1419 -0.4595 0.0004, 0.1419 -0.4595 0.0, 0.1419 -0.4339 0.0004, 0.1419 -0.4339 0.0, 0.1728 -0.4339 0.0004, 0.1728 -0.4339 0.0, 0.1728 -0.4247 0.0004, 0.1728 -0.4247 0.0, 0.1316 -0.4247 0.0004, 0.1316 -0.4247 0.0, 0.1316 -0.5048 0.0004, 0.1316 -0.5048 0.0, 0.2202 -0.5048 0.0004, 0.2302 -0.5048 0.0004, 0.2202 -0.4959 0.0004, 0.2302 -0.468 0.0004, 0.2202 -0.4684 0.0004, 0.1983 -0.4804 0.0004, 0.2006 -0.4793 0.0004, 0.2199 -0.4959 0.0004, 0.2146 -0.4944 0.0004, 0.2183 -0.4984 0.0004, 0.2118 -0.4964 0.0004, 0.2068 -0.4779 0.0004, 0.2202 -0.4761 0.0004, 0.2202 -0.4816 0.0004, 0.2201 -0.4822 0.0004, 0.2195 -0.4867 0.0004, 0.218 -0.4903 0.0004, 0.2159 -0.4932 0.0004, 0.2198 -0.464 0.0004, 0.2294 -0.4604 0.0004, 0.2188 -0.4604 0.0004, 0.2279 -0.4558 0.0004, 0.2176 -0.4583 0.0004, 0.2258 -0.4526 0.0004, 0.2161 -0.4567 0.0004, 0.2231 -0.45 0.0004, 0.2143 -0.4556 0.0004, 0.2198 -0.4481 0.0004, 0.212 -0.4548 0.0004, 0.2156 -0.4468 0.0004, 0.2086 -0.4544 0.0004, 0.2095 -0.4463 0.0004, 0.2021 -0.4551 0.0004, 0.1994 -0.4475 0.0004, 0.1959 -0.4574 0.0004, 0.1919 -0.4504 0.0004, 0.1898 -0.4613 0.0004, 0.1898 -0.4516 0.0004, 0.1965 -0.4945 0.0004, 0.1891 -0.5016 0.0004, 0.1973 -0.4953 0.0004, 0.1925 -0.504 0.0004, 0.1993 -0.4967 0.0004, 0.1964 -0.5054 0.0004, 0.2016 -0.4975 0.0004, 0.2024 -0.5061 0.0004, 0.205 -0.4979 0.0004, 0.2076 -0.5055 0.0004, 0.2087 -0.4975 0.0004, 0.2116 -0.5041 0.0004, 0.2151 -0.5018 0.0004, 0.1945 -0.487 0.0004, 0.1843 -0.4881 0.0004, 0.1944 -0.4886 0.0004, 0.1842 -0.4895 0.0004, 0.1947 -0.4909 0.0004, 0.1847 -0.494 0.0004, 0.1953 -0.4928 0.0004, 0.1859 -0.4974 0.0004, 0.188 -0.5005 0.0004, 0.2032 -0.4708 0.0004, 0.1958 -0.4726 0.0004, 0.1971 -0.4814 0.0004, 0.1915 -0.4748 0.0004, 0.1959 -0.4829 0.0004, 0.1884 -0.4774 0.0004, 0.195 -0.4847 0.0004, 0.1863 -0.4803 0.0004, 0.1849 -0.4838 0.0004, 0.2095 -0.4463 0.0, 0.1994 -0.4475 0.0, 0.1919 -0.4504 0.0, 0.1898 -0.4516 0.0, 0.1898 -0.4613 0.0, 0.1959 -0.4574 0.0, 0.2021 -0.4551 0.0, 0.2086 -0.4544 0.0, 0.212 -0.4548 0.0, 0.2143 -0.4556 0.0, 0.2161 -0.4567 0.0, 0.2176 -0.4583 0.0, 0.2188 -0.4604 0.0, 0.2198 -0.464 0.0, 0.2202 -0.4684 0.0, 0.2032 -0.4708 0.0, 0.1958 -0.4726 0.0, 0.1915 -0.4748 0.0, 0.1884 -0.4774 0.0, 0.1863 -0.4803 0.0, 0.1849 -0.4838 0.0, 0.1843 -0.4881 0.0, 0.1842 -0.4895 0.0, 0.1847 -0.494 0.0, 0.1859 -0.4974 0.0, 0.188 -0.5005 0.0, 0.1891 -0.5016 0.0, 0.2024 -0.5061 0.0, 0.1966 -0.5054 0.0, 0.1964 -0.5054 0.0, 0.1925 -0.504 0.0, 0.2076 -0.5055 0.0, 0.2078 -0.5054 0.0, 0.2116 -0.5041 0.0, 0.2151 -0.5018 0.0, 0.2183 -0.4984 0.0, 0.2199 -0.4959 0.0, 0.2202 -0.4959 0.0, 0.2202 -0.5048 0.0, 0.2302 -0.5048 0.0, 0.2302 -0.468 0.0, 0.2294 -0.4604 0.0, 0.2279 -0.4558 0.0, 0.2258 -0.4526 0.0, 0.2231 -0.45 0.0, 0.2198 -0.4481 0.0, 0.2156 -0.4468 0.0, 0.1971 -0.4814 0.0, 0.1983 -0.4804 0.0, 0.2006 -0.4793 0.0, 0.2068 -0.4779 0.0, 0.1944 -0.4886 0.0, 0.1945 -0.487 0.0, 0.195 -0.4847 0.0, 0.1959 -0.4829 0.0, 0.1973 -0.4953 0.0, 0.1965 -0.4945 0.0, 0.1953 -0.4928 0.0, 0.1947 -0.4909 0.0, 0.205 -0.4979 0.0, 0.2016 -0.4975 0.0, 0.1993 -0.4967 0.0, 0.2159 -0.4932 0.0, 0.2146 -0.4944 0.0, 0.2118 -0.4964 0.0, 0.2087 -0.4975 0.0, 0.2202 -0.4816 0.0, 0.2201 -0.4822 0.0, 0.2195 -0.4867 0.0, 0.218 -0.4903 0.0, 0.2202 -0.4761 0.0, 0.2202 -0.4761 0.0
            ]
        }
        coordIndex [
            0,1,2,-1,2,1,3,-1,4,0,5,-1,5,0,2,-1,6,4,7,-1,7,4,5,-1,8,6,9,-1,9,6,7,-1,10,8,11,-1,11,8,9,-1,12,10,13,-1,13,10,11,-1,14,12,15,-1,15,12,13,-1,16,14,17,-1,17,14,15,-1,18,16,19,-1,19,16,17,-1,20,18,21,-1,21,18,19,-1,22,20,23,-1,23,20,21,-1,1,22,3,-1,3,22,23,-1,22,1,0,-1,0,4,22,-1,22,4,6,-1,22,6,20,-1,16,18,14,-1,14,18,20,-1,14,20,12,-1,12,20,6,-1,12,6,10,-1,10,6,8,-1,24,25,26,-1,26,25,27,-1,28,29,30,-1,31,32,33,-1,33,32,34,-1,35,36,27,-1,27,36,37,-1,37,38,27,-1,27,38,39,-1,27,39,26,-1,26,39,40,-1,26,40,31,-1,31,40,41,-1,31,41,32,-1,30,35,28,-1,28,35,27,-1,28,27,42,-1,42,27,43,-1,42,43,44,-1,44,43,45,-1,44,45,46,-1,46,45,47,-1,46,47,48,-1,48,47,49,-1,48,49,50,-1,50,49,51,-1,50,51,52,-1,52,51,53,-1,52,53,54,-1,54,53,55,-1,54,55,56,-1,56,55,57,-1,56,57,58,-1,58,57,59,-1,58,59,60,-1,60,59,61,-1,62,63,64,-1,64,63,65,-1,64,65,66,-1,66,65,67,-1,66,67,68,-1,68,67,69,-1,68,69,70,-1,70,69,71,-1,70,71,72,-1,72,71,73,-1,72,73,34,-1,34,73,74,-1,34,74,33,-1,75,76,77,-1,77,76,78,-1,77,78,79,-1,79,78,80,-1,79,80,81,-1,81,80,82,-1,81,82,62,-1,62,82,83,-1,62,83,63,-1,28,84,29,-1,29,84,85,-1,29,85,86,-1,86,85,87,-1,86,87,88,-1,88,87,89,-1,88,89,90,-1,90,89,91,-1,90,91,75,-1,75,91,92,-1,75,92,76,-1,55,93,94,-1,55,94,57,-1,57,94,95,-1,57,95,59,-1,59,95,96,-1,59,96,61,-1,60,61,97,-1,97,61,96,-1,60,97,98,-1,60,98,58,-1,58,98,99,-1,58,99,56,-1,56,99,100,-1,56,100,54,-1,54,100,101,-1,54,101,52,-1,52,101,102,-1,52,102,50,-1,50,102,103,-1,50,103,48,-1,48,103,104,-1,48,104,46,-1,46,104,105,-1,46,105,44,-1,44,105,106,-1,44,106,42,-1,42,106,107,-1,42,107,28,-1,84,28,108,-1,108,28,107,-1,84,108,109,-1,84,109,85,-1,85,109,110,-1,85,110,87,-1,87,110,111,-1,87,111,89,-1,89,111,112,-1,89,112,91,-1,91,112,113,-1,91,113,92,-1,92,113,114,-1,92,114,76,-1,76,114,115,-1,76,115,78,-1,78,115,116,-1,78,116,80,-1,80,116,117,-1,80,117,82,-1,82,117,118,-1,82,118,83,-1,83,118,119,-1,83,119,63,-1,120,69,121,-1,121,69,67,-1,121,67,122,-1,122,67,65,-1,122,65,123,-1,123,65,63,-1,123,63,119,-1,69,120,124,-1,69,124,71,-1,71,124,125,-1,71,125,73,-1,125,126,73,-1,73,126,127,-1,73,127,74,-1,74,127,128,-1,74,128,33,-1,33,128,129,-1,33,129,31,-1,26,31,130,-1,130,31,129,-1,24,26,131,-1,131,26,130,-1,25,24,132,-1,132,24,131,-1,27,25,133,-1,133,25,132,-1,27,133,134,-1,27,134,43,-1,43,134,135,-1,43,135,45,-1,45,135,136,-1,45,136,47,-1,47,136,137,-1,47,137,49,-1,49,137,138,-1,49,138,51,-1,51,138,139,-1,51,139,53,-1,53,139,93,-1,53,93,55,-1,86,140,141,-1,86,141,29,-1,29,141,142,-1,29,142,30,-1,30,142,143,-1,30,143,35,-1,77,144,145,-1,77,145,75,-1,75,145,146,-1,75,146,90,-1,90,146,147,-1,90,147,88,-1,88,147,140,-1,88,140,86,-1,64,148,149,-1,64,149,62,-1,62,149,150,-1,62,150,81,-1,81,150,151,-1,81,151,79,-1,79,151,144,-1,79,144,77,-1,70,152,153,-1,70,153,68,-1,68,153,154,-1,68,154,66,-1,66,154,148,-1,66,148,64,-1,41,155,156,-1,41,156,32,-1,32,156,157,-1,32,157,34,-1,34,157,158,-1,34,158,72,-1,72,158,152,-1,72,152,70,-1,37,159,160,-1,37,160,38,-1,38,160,161,-1,38,161,39,-1,39,161,162,-1,39,162,40,-1,40,162,155,-1,40,155,41,-1,37,36,159,-1,159,36,163,-1,36,35,163,-1,163,35,143,-1,
        ]
    }
}
Shape{
    appearance Appearance {
        material  Material 	{
            diffuseColor 1.0 1.0 1.0
            specularColor 1.0 1.0 1.0
            ambientIntensity 0.2
            transparency 0
            shininess 0.5
        }
    }
    geometry IndexedFaceSet {
        ccw TRUE
        solid FALSE
        coord DEF co Coordinate {
            point [
                0.2201 -0.4822 0.0, 0.2202 -0.4816 0.0, 0.1971 -0.4814 0.0, 0.2202 -0.4761 0.0, 0.2068 -0.4779 0.0, 0.2006 -0.4793 0.0, 0.1983 -0.4804 0.0, 0.2195 -0.4867 0.0, 0.1959 -0.4829 0.0, 0.218 -0.4903 0.0, 0.1965 -0.4945 0.0, 0.1973 -0.4953 0.0, 0.2146 -0.4944 0.0, 0.1953 -0.4928 0.0, 0.2118 -0.4964 0.0, 0.2087 -0.4975 0.0, 0.205 -0.4979 0.0, 0.195 -0.4847 0.0, 0.1945 -0.487 0.0, 0.2159 -0.4932 0.0, 0.1944 -0.4886 0.0, 0.1947 -0.4909 0.0, 0.1993 -0.4967 0.0, 0.2016 -0.4975 0.0, 0.2016 -0.4975 0.0
            ]
        }
        coordIndex [
            0,1,2,-1,1,3,4,-1,4,5,1,-1,1,5,6,-1,1,6,2,-1,0,2,7,-1,7,2,8,-1,7,8,9,-1,10,11,12,-1,10,12,13,-1,14,12,15,-1,15,12,16,-1,8,17,9,-1,9,17,18,-1,9,18,19,-1,19,18,20,-1,19,20,12,-1,12,20,21,-1,12,21,13,-1,11,22,12,-1,12,22,23,-1,12,23,16,-1,
        ]
    }
}
Shape{
    appearance Appearance {
        material  Material 	{
            diffuseColor 0.0 0.0 0.0
            specularColor 0.0 0.0 0.0
            ambientIntensity 0.2
            transparency 0
            shininess 0.5
        }
    }
    geometry IndexedFaceSet {
        ccw TRUE
        solid FALSE
        coord DEF co Coordinate {
            point [
                0.2603 -0.4979 0.0004, 0.2603 -0.4979 0.0, 0.2539 -0.4972 0.0, 0.2484 -0.4951 0.0, 0.2477 -0.4948 0.0004, 0.2539 -0.4972 0.0004, 0.2477 -0.4948 0.0, 0.2438 -0.4924 0.0, 0.2438 -0.4924 0.0004, 0.2438 -0.5028 0.0004, 0.2438 -0.5028 0.0, 0.25 -0.505 0.0004, 0.2484 -0.5045 0.0, 0.2593 -0.5061 0.0, 0.2593 -0.5061 0.0004, 0.2534 -0.5054 0.0, 0.25 -0.505 0.0, 0.267 -0.5054 0.0004, 0.2662 -0.5054 0.0, 0.267 -0.5054 0.0, 0.2726 -0.5035 0.0, 0.2726 -0.5035 0.0004, 0.2759 -0.5016 0.0, 0.2759 -0.5016 0.0004, 0.2788 -0.4991 0.0, 0.2788 -0.4991 0.0004, 0.2807 -0.4964 0.0, 0.2807 -0.4964 0.0004, 0.2819 -0.4932 0.0, 0.2819 -0.4932 0.0004, 0.2824 -0.4892 0.0, 0.2824 -0.4892 0.0004, 0.282 -0.4855 0.0, 0.282 -0.4855 0.0004, 0.2809 -0.4825 0.0, 0.2809 -0.4825 0.0004, 0.279 -0.4798 0.0, 0.279 -0.4798 0.0004, 0.2766 -0.4776 0.0, 0.2766 -0.4776 0.0004, 0.27 -0.4739 0.0, 0.27 -0.4739 0.0004, 0.2661 -0.4723 0.0, 0.2661 -0.4723 0.0004, 0.2599 -0.4696 0.0, 0.2599 -0.4696 0.0004, 0.2564 -0.4674 0.0, 0.2564 -0.4674 0.0004, 0.2554 -0.4664 0.0, 0.2554 -0.4664 0.0004, 0.2547 -0.465 0.0, 0.2547 -0.465 0.0004, 0.2543 -0.4634 0.0, 0.2543 -0.4634 0.0004, 0.2542 -0.4621 0.0, 0.2542 -0.4621 0.0004, 0.2544 -0.4605 0.0, 0.2544 -0.4605 0.0004, 0.2548 -0.4592 0.0, 0.2548 -0.4592 0.0004, 0.2557 -0.4579 0.0, 0.2557 -0.4579 0.0004, 0.2572 -0.4565 0.0, 0.2572 -0.4565 0.0004, 0.2595 -0.4553 0.0, 0.2595 -0.4553 0.0004, 0.2622 -0.4546 0.0, 0.2622 -0.4546 0.0004, 0.2651 -0.4544 0.0, 0.2651 -0.4544 0.0004, 0.2717 -0.4552 0.0, 0.2717 -0.4552 0.0004, 0.2773 -0.4572 0.0, 0.2773 -0.4572 0.0004, 0.2797 -0.4585 0.0, 0.2797 -0.4585 0.0004, 0.2797 -0.4488 0.0004, 0.2797 -0.4488 0.0, 0.273 -0.4469 0.0, 0.273 -0.4469 0.0004, 0.2661 -0.4463 0.0, 0.2661 -0.4463 0.0004, 0.2589 -0.447 0.0, 0.2589 -0.447 0.0004, 0.2534 -0.449 0.0, 0.2534 -0.449 0.0004, 0.2503 -0.4508 0.0, 0.2503 -0.4508 0.0004, 0.2473 -0.4535 0.0004, 0.2484 -0.4525 0.0, 0.2473 -0.4535 0.0, 0.2454 -0.4562 0.0, 0.2454 -0.4562 0.0004, 0.2442 -0.4594 0.0, 0.2442 -0.4594 0.0004, 0.2438 -0.463 0.0, 0.2438 -0.463 0.0004, 0.2443 -0.4669 0.0, 0.2443 -0.4669 0.0004, 0.2454 -0.47 0.0, 0.2454 -0.47 0.0004, 0.2467 -0.4721 0.0, 0.2467 -0.4721 0.0004, 0.259 -0.4796 0.0, 0.259 -0.4796 0.0004, 0.253 -0.4769 0.0004, 0.2483 -0.4738 0.0, 0.2483 -0.4738 0.0004, 0.2484 -0.4738 0.0, 0.253 -0.4769 0.0, 0.2656 -0.4824 0.0, 0.2656 -0.4824 0.0004, 0.2695 -0.4847 0.0, 0.2695 -0.4847 0.0004, 0.2708 -0.486 0.0, 0.2708 -0.486 0.0004, 0.2715 -0.4874 0.0, 0.2715 -0.4874 0.0004, 0.272 -0.4889 0.0, 0.272 -0.4889 0.0004, 0.2721 -0.4902 0.0, 0.2721 -0.4902 0.0004, 0.2719 -0.4921 0.0, 0.2719 -0.4921 0.0004, 0.2714 -0.4935 0.0, 0.2714 -0.4935 0.0004, 0.2705 -0.4948 0.0, 0.2705 -0.4948 0.0004, 0.2694 -0.4958 0.0, 0.2694 -0.4958 0.0004, 0.2684 -0.4964 0.0, 0.2684 -0.4964 0.0004, 0.2659 -0.4973 0.0, 0.2659 -0.4973 0.0004, 0.2607 -0.4979 0.0, 0.2607 -0.4979 0.0004, 0.3321 -0.4476 0.0004, 0.3425 -0.4476 0.0004, 0.3321 -0.4476 0.0, 0.3425 -0.4476 0.0, 0.3165 -0.4906 0.0004, 0.3165 -0.4906 0.0, 0.3157 -0.4933 0.0, 0.3157 -0.4933 0.0004, 0.3153 -0.4953 0.0, 0.3153 -0.4953 0.0004, 0.315 -0.4953 0.0004, 0.315 -0.4953 0.0, 0.3138 -0.4906 0.0004, 0.3138 -0.4906 0.0, 0.2988 -0.4476 0.0, 0.2988 -0.4476 0.0004, 0.3037 -0.4615 0.0, 0.2876 -0.4476 0.0004, 0.2876 -0.4476 0.0, 0.31 -0.5046 0.0, 0.31 -0.5046 0.0004, 0.3037 -0.4884 0.0, 0.3056 -0.515 0.0, 0.3056 -0.515 0.0004, 0.3097 -0.5054 0.0, 0.3037 -0.5187 0.0, 0.3037 -0.5187 0.0004, 0.3037 -0.5187 0.0, 0.3018 -0.5208 0.0, 0.3018 -0.5208 0.0004, 0.3 -0.522 0.0, 0.3 -0.522 0.0004, 0.2979 -0.5228 0.0, 0.2979 -0.5228 0.0004, 0.2954 -0.5231 0.0, 0.2954 -0.5231 0.0004, 0.2917 -0.5226 0.0, 0.2917 -0.5226 0.0004, 0.2897 -0.522 0.0, 0.2897 -0.522 0.0004, 0.2897 -0.5309 0.0004, 0.2897 -0.5309 0.0, 0.2939 -0.5316 0.0, 0.2939 -0.5316 0.0004, 0.2962 -0.5317 0.0, 0.2962 -0.5317 0.0004, 0.3002 -0.5312 0.0, 0.3037 -0.5299 0.0, 0.3042 -0.5297 0.0004, 0.3002 -0.5312 0.0004, 0.3042 -0.5297 0.0, 0.3077 -0.5273 0.0, 0.3077 -0.5273 0.0004, 0.3083 -0.5267 0.0, 0.3083 -0.5267 0.0004, 0.312 -0.5222 0.0, 0.312 -0.5222 0.0004, 0.3166 -0.5134 0.0, 0.3166 -0.5134 0.0004, 0.3197 -0.5054 0.0, 0.3964 -0.4956 0.0004, 0.3964 -0.5048 0.0004, 0.3964 -0.4956 0.0, 0.3964 -0.5048 0.0, 0.3637 -0.4956 0.0, 0.3637 -0.4956 0.0004, 0.3786 -0.4956 0.0, 0.3637 -0.4687 0.0004, 0.3637 -0.4687 0.0, 0.3923 -0.4687 0.0, 0.3923 -0.4687 0.0004, 0.3786 -0.4687 0.0, 0.3923 -0.4595 0.0004, 0.3923 -0.4595 0.0, 0.3637 -0.4595 0.0, 0.3637 -0.4595 0.0004, 0.3786 -0.4595 0.0, 0.3637 -0.4339 0.0004, 0.3637 -0.4339 0.0, 0.3946 -0.4339 0.0, 0.3946 -0.4339 0.0004, 0.3786 -0.4339 0.0, 0.3946 -0.4247 0.0004, 0.3946 -0.4247 0.0, 0.3533 -0.4247 0.0, 0.3533 -0.4247 0.0004, 0.3786 -0.4247 0.0, 0.3533 -0.5048 0.0004, 0.3533 -0.5048 0.0, 0.3786 -0.5048 0.0, 0.4646 -0.4935 0.0004, 0.4563 -0.4882 0.0004, 0.4562 -0.4996 0.0004, 0.4511 -0.4918 0.0004, 0.4471 -0.5031 0.0004, 0.4445 -0.4943 0.0004, 0.4335 -0.5048 0.0004, 0.4335 -0.4956 0.0004, 0.4115 -0.5048 0.0004, 0.4218 -0.4956 0.0004, 0.4115 -0.4247 0.0004, 0.4218 -0.4339 0.0004, 0.4343 -0.4247 0.0004, 0.4339 -0.4339 0.0004, 0.4345 -0.4339 0.0004, 0.4466 -0.426 0.0004, 0.4448 -0.4352 0.0004, 0.4562 -0.4296 0.0004, 0.4517 -0.4378 0.0004, 0.4646 -0.4353 0.0004, 0.457 -0.4414 0.0004, 0.4675 -0.4381 0.0004, 0.4593 -0.4437 0.0004, 0.4724 -0.4451 0.0004, 0.4624 -0.4482 0.0004, 0.4754 -0.4527 0.0004, 0.4647 -0.454 0.0004, 0.4767 -0.4637 0.0004, 0.4658 -0.464 0.0004, 0.4765 -0.4688 0.0004, 0.4655 -0.4693 0.0004, 0.4745 -0.4782 0.0004, 0.4639 -0.4766 0.0004, 0.4706 -0.4865 0.0004, 0.4612 -0.4825 0.0004, 0.4573 -0.4873 0.0004, 0.4335 -0.5048 0.0, 0.4115 -0.5048 0.0, 0.4471 -0.5031 0.0, 0.4562 -0.4996 0.0, 0.4646 -0.4935 0.0, 0.4706 -0.4865 0.0, 0.4745 -0.4782 0.0, 0.4765 -0.4688 0.0, 0.4767 -0.4637 0.0, 0.4754 -0.4527 0.0, 0.4724 -0.4451 0.0, 0.4675 -0.4381 0.0, 0.4646 -0.4353 0.0, 0.4562 -0.4296 0.0, 0.4466 -0.426 0.0, 0.4343 -0.4247 0.0, 0.4115 -0.4247 0.0, 0.4339 -0.4339 0.0, 0.4218 -0.4339 0.0, 0.4218 -0.4956 0.0, 0.4335 -0.4956 0.0, 0.4573 -0.4873 0.0, 0.4563 -0.4882 0.0, 0.4511 -0.4918 0.0, 0.4445 -0.4943 0.0, 0.4658 -0.464 0.0, 0.4655 -0.4693 0.0, 0.4639 -0.4766 0.0, 0.4612 -0.4825 0.0, 0.457 -0.4414 0.0, 0.4593 -0.4437 0.0, 0.4624 -0.4482 0.0, 0.4647 -0.454 0.0, 0.4345 -0.4339 0.0, 0.4448 -0.4352 0.0, 0.4517 -0.4378 0.0, 0.4517 -0.4378 0.0
            ]
        }
        coordIndex [
            0,1,2,-1,3,4,2,-1,2,4,5,-1,2,5,0,-1,3,6,4,-1,4,6,7,-1,4,7,8,-1,9,8,10,-1,10,8,7,-1,11,9,12,-1,12,9,10,-1,13,14,15,-1,15,14,11,-1,15,11,16,-1,16,11,12,-1,14,13,17,-1,17,13,18,-1,18,19,17,-1,17,19,20,-1,17,20,21,-1,21,20,22,-1,21,22,23,-1,23,22,24,-1,23,24,25,-1,25,24,26,-1,25,26,27,-1,27,26,28,-1,27,28,29,-1,29,28,30,-1,29,30,31,-1,31,30,32,-1,31,32,33,-1,33,32,34,-1,33,34,35,-1,35,34,36,-1,35,36,37,-1,37,36,38,-1,37,38,39,-1,39,38,40,-1,39,40,41,-1,41,40,42,-1,41,42,43,-1,43,42,44,-1,43,44,45,-1,45,44,46,-1,45,46,47,-1,47,46,48,-1,47,48,49,-1,49,48,50,-1,49,50,51,-1,51,50,52,-1,51,52,53,-1,53,52,54,-1,53,54,55,-1,55,54,56,-1,55,56,57,-1,57,56,58,-1,57,58,59,-1,59,58,60,-1,59,60,61,-1,61,60,62,-1,61,62,63,-1,63,62,64,-1,63,64,65,-1,65,64,66,-1,65,66,67,-1,67,66,68,-1,67,68,69,-1,69,68,70,-1,69,70,71,-1,71,70,72,-1,71,72,73,-1,73,72,74,-1,73,74,75,-1,76,75,77,-1,77,75,74,-1,76,77,78,-1,76,78,79,-1,79,78,80,-1,79,80,81,-1,81,80,82,-1,81,82,83,-1,83,82,84,-1,83,84,85,-1,85,84,86,-1,85,86,87,-1,88,87,89,-1,89,87,86,-1,89,90,88,-1,88,90,91,-1,88,91,92,-1,92,91,93,-1,92,93,94,-1,94,93,95,-1,94,95,96,-1,96,95,97,-1,96,97,98,-1,98,97,99,-1,98,99,100,-1,100,99,101,-1,100,101,102,-1,103,104,105,-1,102,101,106,-1,102,106,107,-1,107,106,108,-1,107,108,105,-1,105,108,109,-1,105,109,103,-1,104,103,110,-1,104,110,111,-1,111,110,112,-1,111,112,113,-1,113,112,114,-1,113,114,115,-1,115,114,116,-1,115,116,117,-1,117,116,118,-1,117,118,119,-1,119,118,120,-1,119,120,121,-1,121,120,122,-1,121,122,123,-1,123,122,124,-1,123,124,125,-1,125,124,126,-1,125,126,127,-1,127,126,128,-1,127,128,129,-1,129,128,130,-1,129,130,131,-1,131,130,132,-1,131,132,133,-1,133,132,134,-1,133,134,135,-1,135,134,1,-1,135,1,0,-1,61,63,85,-1,85,63,83,-1,45,104,43,-1,43,104,111,-1,43,111,41,-1,14,0,11,-1,11,0,5,-1,11,5,9,-1,9,5,4,-1,9,4,8,-1,63,65,83,-1,83,65,67,-1,83,67,81,-1,81,67,69,-1,81,69,79,-1,79,69,71,-1,79,71,76,-1,76,71,73,-1,76,73,75,-1,41,111,39,-1,39,111,113,-1,39,113,37,-1,37,113,115,-1,37,115,35,-1,35,115,117,-1,35,117,33,-1,33,117,119,-1,33,119,31,-1,31,119,121,-1,31,121,29,-1,29,121,123,-1,29,123,27,-1,27,123,125,-1,27,125,25,-1,25,125,127,-1,25,127,23,-1,23,127,129,-1,23,129,21,-1,21,129,131,-1,21,131,17,-1,17,131,133,-1,17,133,14,-1,14,133,135,-1,14,135,0,-1,85,87,61,-1,61,87,88,-1,61,88,59,-1,59,88,92,-1,59,92,57,-1,57,92,94,-1,57,94,55,-1,55,94,96,-1,55,96,53,-1,53,96,98,-1,53,98,51,-1,51,98,100,-1,51,100,49,-1,49,100,102,-1,49,102,47,-1,47,102,107,-1,47,107,45,-1,45,107,105,-1,45,105,104,-1,136,137,138,-1,138,137,139,-1,140,136,141,-1,141,136,138,-1,140,141,142,-1,140,142,143,-1,143,142,144,-1,143,144,145,-1,146,145,147,-1,147,145,144,-1,148,146,149,-1,149,146,147,-1,150,151,152,-1,152,151,148,-1,152,148,149,-1,153,151,154,-1,154,151,150,-1,155,156,157,-1,157,156,153,-1,157,153,154,-1,158,159,160,-1,160,159,156,-1,160,156,155,-1,158,161,159,-1,159,161,162,-1,161,163,162,-1,162,163,164,-1,162,164,165,-1,165,164,166,-1,165,166,167,-1,167,166,168,-1,167,168,169,-1,169,168,170,-1,169,170,171,-1,171,170,172,-1,171,172,173,-1,173,172,174,-1,173,174,175,-1,176,175,177,-1,177,175,174,-1,176,177,178,-1,176,178,179,-1,179,178,180,-1,179,180,181,-1,181,180,182,-1,183,184,182,-1,182,184,185,-1,182,185,181,-1,183,186,184,-1,184,186,187,-1,184,187,188,-1,188,187,189,-1,188,189,190,-1,190,189,191,-1,190,191,192,-1,192,191,193,-1,192,193,194,-1,139,137,195,-1,195,137,194,-1,195,194,193,-1,143,145,194,-1,137,136,194,-1,194,136,140,-1,194,140,143,-1,151,153,148,-1,148,153,156,-1,148,156,146,-1,175,176,173,-1,173,176,179,-1,173,179,171,-1,171,179,181,-1,171,181,169,-1,169,181,185,-1,169,185,167,-1,167,185,184,-1,167,184,165,-1,145,146,194,-1,194,146,156,-1,194,156,192,-1,156,159,192,-1,192,159,162,-1,192,162,190,-1,190,162,165,-1,190,165,188,-1,188,165,184,-1,196,197,198,-1,198,197,199,-1,200,201,202,-1,202,201,196,-1,202,196,198,-1,203,201,204,-1,204,201,200,-1,205,206,207,-1,207,206,203,-1,207,203,204,-1,208,206,209,-1,209,206,205,-1,210,211,212,-1,212,211,208,-1,212,208,209,-1,213,211,214,-1,214,211,210,-1,215,216,217,-1,217,216,213,-1,217,213,214,-1,218,216,219,-1,219,216,215,-1,220,221,222,-1,222,221,218,-1,222,218,219,-1,223,221,224,-1,224,221,220,-1,199,197,225,-1,225,197,223,-1,225,223,224,-1,223,197,196,-1,196,201,223,-1,223,201,203,-1,223,203,221,-1,216,218,213,-1,213,218,221,-1,213,221,211,-1,211,221,203,-1,211,203,208,-1,208,203,206,-1,226,227,228,-1,228,227,229,-1,228,229,230,-1,230,229,231,-1,230,231,232,-1,232,231,233,-1,232,233,234,-1,234,233,235,-1,234,235,236,-1,236,235,237,-1,236,237,238,-1,237,239,238,-1,238,239,240,-1,238,240,241,-1,241,240,242,-1,241,242,243,-1,243,242,244,-1,243,244,245,-1,245,244,246,-1,245,246,247,-1,247,246,248,-1,247,248,249,-1,249,248,250,-1,249,250,251,-1,251,250,252,-1,251,252,253,-1,253,252,254,-1,253,254,255,-1,255,254,256,-1,255,256,257,-1,257,256,258,-1,257,258,259,-1,259,258,260,-1,259,260,226,-1,226,260,261,-1,226,261,227,-1,232,234,262,-1,262,234,263,-1,232,262,264,-1,232,264,230,-1,230,264,265,-1,230,265,228,-1,228,265,266,-1,228,266,226,-1,226,266,267,-1,226,267,259,-1,259,267,268,-1,259,268,257,-1,257,268,269,-1,257,269,255,-1,255,269,270,-1,255,270,253,-1,253,270,271,-1,253,271,251,-1,251,271,272,-1,251,272,249,-1,249,272,273,-1,249,273,247,-1,247,273,274,-1,247,274,245,-1,245,274,275,-1,245,275,243,-1,243,275,276,-1,243,276,241,-1,241,276,277,-1,241,277,238,-1,236,238,278,-1,278,238,277,-1,234,236,263,-1,263,236,278,-1,239,237,279,-1,279,237,280,-1,237,235,280,-1,280,235,281,-1,235,233,281,-1,281,233,282,-1,261,283,284,-1,261,284,227,-1,227,284,285,-1,227,285,229,-1,229,285,286,-1,229,286,231,-1,231,286,282,-1,231,282,233,-1,254,287,288,-1,254,288,256,-1,256,288,289,-1,256,289,258,-1,258,289,290,-1,258,290,260,-1,260,290,283,-1,260,283,261,-1,246,291,292,-1,246,292,248,-1,248,292,293,-1,248,293,250,-1,250,293,294,-1,250,294,252,-1,252,294,287,-1,252,287,254,-1,239,279,295,-1,239,295,240,-1,240,295,296,-1,240,296,242,-1,242,296,297,-1,242,297,244,-1,244,297,291,-1,244,291,246,-1,
        ]
    }
}
Shape{
    appearance Appearance {
        material  Material 	{
            diffuseColor 1.0 1.0 1.0
            specularColor 1.0 1.0 1.0
            ambientIntensity 0.2
            transparency 0
            shininess 0.5
        }
    }
    geometry IndexedFaceSet {
        ccw TRUE
        solid FALSE
        coord DEF co Coordinate {
            point [
                0.4511 -0.4918 0.0, 0.4563 -0.4882 0.0, 0.4345 -0.4339 0.0, 0.4218 -0.4339 0.0, 0.4218 -0.4956 0.0, 0.4339 -0.4339 0.0, 0.4335 -0.4956 0.0, 0.4445 -0.4943 0.0, 0.4573 -0.4873 0.0, 0.4612 -0.4825 0.0, 0.4639 -0.4766 0.0, 0.4658 -0.464 0.0, 0.457 -0.4414 0.0, 0.4517 -0.4378 0.0, 0.4647 -0.454 0.0, 0.4624 -0.4482 0.0, 0.4593 -0.4437 0.0, 0.4655 -0.4693 0.0, 0.4448 -0.4352 0.0, 0.4448 -0.4352 0.0
            ]
        }
        coordIndex [
            0,1,2,-1,3,4,5,-1,5,4,6,-1,5,6,2,-1,2,6,7,-1,2,7,0,-1,1,8,2,-1,2,8,9,-1,2,9,10,-1,11,12,13,-1,14,15,11,-1,11,15,16,-1,11,16,12,-1,10,17,2,-1,2,17,11,-1,2,11,18,-1,18,11,13,-1,
        ]
    }
}
Shape{
    appearance Appearance {
        material  Material 	{
            diffuseColor 0.0 0.0 0.0
            specularColor 0.0 0.0 0.0
            ambientIntensity 0.2
            transparency 0
            shininess 0.5
        }
    }
    geometry IndexedFaceSet {
        ccw TRUE
        solid FALSE
        coord DEF co Coordinate {
            point [
                0.5035 -0.4738 0.0004, 0.5003 -0.4829 0.0004, 0.5304 -0.4738 0.0004, 0.5336 -0.4829 0.0004, 0.5155 -0.4405 0.0004, 0.5116 -0.4247 0.0004, 0.4811 -0.5048 0.0004, 0.4926 -0.5048 0.0004, 0.5162 -0.4381 0.0004, 0.5168 -0.4349 0.0004, 0.5227 -0.4247 0.0004, 0.5171 -0.4349 0.0004, 0.5177 -0.4383 0.0004, 0.5183 -0.4405 0.0004, 0.5532 -0.5048 0.0004, 0.5418 -0.5048 0.0004, 0.5227 -0.4247 0.0, 0.5532 -0.5048 0.0, 0.5116 -0.4247 0.0, 0.4811 -0.5048 0.0, 0.4926 -0.5048 0.0, 0.5003 -0.4829 0.0, 0.5336 -0.4829 0.0, 0.5418 -0.5048 0.0, 0.5035 -0.4738 0.0, 0.5304 -0.4738 0.0, 0.5183 -0.4405 0.0, 0.5171 -0.4349 0.0, 0.5177 -0.4383 0.0, 0.5168 -0.4349 0.0, 0.5155 -0.4405 0.0, 0.5162 -0.4381 0.0, 0.5162 -0.4381 0.0
            ]
        }
        coordIndex [
            0,1,2,-1,2,1,3,-1,4,5,0,-1,0,5,6,-1,0,6,1,-1,1,6,7,-1,4,8,5,-1,5,8,9,-1,5,9,10,-1,10,9,11,-1,10,11,12,-1,12,13,10,-1,10,13,2,-1,10,2,14,-1,14,2,3,-1,14,3,15,-1,10,14,16,-1,16,14,17,-1,5,10,18,-1,18,10,16,-1,6,5,19,-1,19,5,18,-1,7,6,20,-1,20,6,19,-1,1,7,21,-1,21,7,20,-1,3,1,22,-1,22,1,21,-1,15,3,23,-1,23,3,22,-1,14,15,17,-1,17,15,23,-1,0,2,24,-1,24,2,25,-1,2,13,25,-1,25,13,26,-1,11,27,28,-1,11,28,12,-1,12,28,26,-1,12,26,13,-1,11,9,27,-1,27,9,29,-1,4,30,31,-1,4,31,8,-1,8,31,29,-1,8,29,9,-1,4,0,30,-1,30,0,24,-1,
        ]
    }
}
Shape{
    appearance Appearance {
        material  Material 	{
            diffuseColor 1.0 1.0 1.0
            specularColor 1.0 1.0 1.0
            ambientIntensity 0.2
            transparency 0
            shininess 0.5
        }
    }
    geometry IndexedFaceSet {
        ccw TRUE
        solid FALSE
        coord DEF co Coordinate {
            point [
                0.5171 -0.4349 0.0, 0.5168 -0.4349 0.0, 0.5177 -0.4383 0.0, 0.5162 -0.4381 0.0, 0.5183 -0.4405 0.0, 0.5155 -0.4405 0.0, 0.5304 -0.4738 0.0, 0.5035 -0.4738 0.0, 0.5035 -0.4738 0.0
            ]
        }
        coordIndex [
            0,1,2,-1,2,1,3,-1,2,3,4,-1,4,3,5,-1,4,5,6,-1,6,5,7,-1,
        ]
    }
}
Shape{
    appearance Appearance {
        material  Material 	{
            diffuseColor 0.0 0.0 0.0
            specularColor 0.0 0.0 0.0
            ambientIntensity 0.2
            transparency 0
            shininess 0.5
        }
    }
    geometry IndexedFaceSet {
        ccw TRUE
        solid FALSE
        coord DEF co Coordinate {
            point [
                -0.222 -0.5161 0.0004, -0.2136 -0.5266 0.0004, -0.2272 -0.4658 0.0004, -0.2371 -0.3668 0.0004, -0.2244 -0.3601 0.0004, -0.2274 -0.3251 0.0004, -0.1919 -0.3234 0.0004, -0.1742 -0.365 0.0004, -0.1655 -0.347 0.0004, -0.1167 -0.4857 0.0004, -0.1167 -0.48 0.0004, -0.1649 -0.4661 0.0004, -0.1702 -0.4644 0.0004, -0.2396 -0.4581 0.0004, -0.2349 -0.5018 0.0004, -0.2278 -0.5039 0.0004, -0.205 -0.3223 0.0004, -0.1564 -0.4731 0.0004, -0.1538 -0.4777 0.0004, -0.1171 -0.4916 0.0004, -0.037 -0.4379 0.0004, -0.0547 -0.4077 0.0004, -0.131 -0.4475 0.0004, -0.1742 -0.4641 0.0004, -0.1798 -0.4648 0.0004, -0.1873 -0.4299 0.0004, -0.1847 -0.4667 0.0004, -0.1998 -0.4347 0.0004, -0.1892 -0.4699 0.0004, -0.2115 -0.4428 0.0004, -0.1916 -0.4724 0.0004, -0.2209 -0.4535 0.0004, -0.1945 -0.4771 0.0004, -0.1961 -0.4825 0.0004, -0.1964 -0.488 0.0004, -0.153 -0.432 0.0004, -0.1668 -0.4286 0.0004, -0.1737 -0.4282 0.0004, -0.1602 -0.4691 0.0004, -0.0183 -0.3815 0.0004, -0.0137 -0.3815 0.0004, 0.0096 -0.3508 0.0004, -0.0029 -0.3828 0.0004, 0.0124 -0.3517 0.0004, 0.0071 -0.3867 0.0004, 0.0294 -0.3601 0.0004, 0.0448 -0.3732 0.0004, -0.1802 -0.3098 0.0004, -0.1528 -0.3317 0.0004, -0.1668 -0.2984 0.0004, -0.1375 -0.3206 0.0004, -0.1512 -0.2889 0.0004, -0.2103 -0.3568 0.0004, -0.2044 -0.3565 0.0004, -0.1984 -0.3227 0.0004, -0.1911 -0.3581 0.0004, -0.1783 -0.3628 0.0004, -0.1409 -0.4385 0.0004, 0.0449 -0.4794 0.0004, 0.0184 -0.4568 0.0004, 0.0294 -0.4925 0.0004, 0.01 -0.4637 0.0004, 0.0121 -0.501 0.0004, -0.0001 -0.4684 0.0004, -0.0069 -0.505 0.0004, -0.0103 -0.4703 0.0004, -0.0405 -0.505 0.0004, -0.0359 -0.4703 0.0004, -0.0437 -0.5045 0.0004, -0.1953 -0.4934 0.0004, -0.193 -0.4981 0.0004, 0.0159 -0.3928 0.0004, 0.0224 -0.4002 0.0004, 0.0564 -0.3894 0.0004, 0.0277 -0.41 0.0004, 0.0634 -0.4068 0.0004, 0.0304 -0.4209 0.0004, 0.066 -0.4253 0.0004, 0.0307 -0.4259 0.0004, 0.0634 -0.4457 0.0004, 0.0293 -0.437 0.0004, 0.0562 -0.4637 0.0004, 0.0254 -0.4471 0.0004, 0.0191 -0.456 0.0004, -0.0211 -0.3058 0.0004, -0.0434 -0.332 0.0004, -0.0018 -0.3284 0.0004, -0.0305 -0.3473 0.0004, -0.0217 -0.3656 0.0004, -0.2596 -0.3996 0.0004, -0.297 -0.4091 0.0004, -0.2613 -0.4134 0.0004, -0.2972 -0.4145 0.0004, -0.2607 -0.4222 0.0004, -0.2945 -0.4368 0.0004, -0.2566 -0.4361 0.0004, -0.2863 -0.458 0.0004, -0.2498 -0.4476 0.0004, -0.2733 -0.4766 0.0004, -0.2555 -0.4917 0.0004, -0.1523 -0.4829 0.0004, -0.1521 -0.4884 0.0004, -0.1204 -0.5057 0.0004, -0.1534 -0.4939 0.0004, -0.1271 -0.5184 0.0004, -0.156 -0.4988 0.0004, -0.1359 -0.5281 0.0004, -0.1594 -0.5027 0.0004, -0.1472 -0.536 0.0004, -0.1637 -0.5058 0.0004, -0.1599 -0.5409 0.0004, -0.1687 -0.5078 0.0004, -0.1737 -0.5426 0.0004, -0.1742 -0.5085 0.0004, -0.1759 -0.5426 0.0004, -0.1752 -0.5084 0.0004, -0.1893 -0.5405 0.0004, -0.1803 -0.5076 0.0004, -0.2024 -0.535 0.0004, -0.1855 -0.5054 0.0004, -0.1898 -0.5021 0.0004, -0.1249 -0.2792 0.0004, -0.1189 -0.313 0.0004, -0.0985 -0.2762 0.0004, -0.098 -0.3103 0.0004, -0.0722 -0.2793 0.0004, -0.0787 -0.3127 0.0004, -0.0439 -0.2901 0.0004, -0.0608 -0.3196 0.0004, -0.0448 -0.3307 0.0004, -0.2485 -0.3333 0.0004, -0.2666 -0.346 0.0004, -0.2469 -0.3756 0.0004, -0.2705 -0.3496 0.0004, -0.2548 -0.3869 0.0004, -0.2841 -0.3672 0.0004, -0.2932 -0.3877 0.0004, -0.0388 -0.4698 0.0004, -0.0525 -0.4991 0.0004, -0.0511 -0.5004 0.0004, -0.0371 -0.4702 0.0004, -0.0474 -0.503 0.0004, -0.057 -0.4874 0.0004, -0.0564 -0.4916 0.0004, -0.0549 -0.4955 0.0004, -0.0437 -0.4703 0.0004, -0.0476 -0.4719 0.0004, -0.0568 -0.4851 0.0004, -0.0511 -0.4743 0.0004, -0.0535 -0.4769 0.0004, -0.0557 -0.4808 0.0004, -0.0393 -0.4697 0.0004, 0.066 -0.4253 0.0, 0.0634 -0.4068 0.0, 0.0486 -0.3784 0.0, 0.0614 -0.4019 0.0, 0.0564 -0.3894 0.0, 0.0448 -0.3732 0.0, 0.0294 -0.3601 0.0, 0.0124 -0.3517 0.0, 0.0096 -0.3508 0.0, -0.0018 -0.3284 0.0, -0.0211 -0.3058 0.0, -0.0339 -0.297 0.0, -0.0439 -0.2901 0.0, -0.0722 -0.2793 0.0, -0.0985 -0.2762 0.0, -0.1668 -0.2984 0.0, -0.1646 -0.297 0.0, -0.1512 -0.2889 0.0, -0.1249 -0.2792 0.0, -0.1802 -0.3098 0.0, -0.1919 -0.3234 0.0, -0.1984 -0.3227 0.0, -0.205 -0.3223 0.0, -0.2274 -0.3251 0.0, -0.2485 -0.3333 0.0, -0.2666 -0.346 0.0, -0.2705 -0.3496 0.0, -0.2972 -0.4145 0.0, -0.2841 -0.3672 0.0, -0.2891 -0.3784 0.0, -0.2932 -0.3877 0.0, -0.2958 -0.4019 0.0, -0.297 -0.4091 0.0, -0.2945 -0.4368 0.0, -0.2863 -0.458 0.0, -0.2733 -0.4766 0.0, -0.2555 -0.4917 0.0, -0.2349 -0.5018 0.0, -0.2278 -0.5039 0.0, -0.227 -0.5054 0.0, -0.222 -0.5161 0.0, -0.2136 -0.5266 0.0, -0.2024 -0.535 0.0, -0.1972 -0.5372 0.0, -0.1893 -0.5405 0.0, -0.1759 -0.5426 0.0, -0.1737 -0.5426 0.0, -0.1167 -0.4857 0.0, -0.1599 -0.5409 0.0, -0.1501 -0.5372 0.0, -0.1472 -0.536 0.0, -0.1359 -0.5281 0.0, -0.1271 -0.5184 0.0, -0.1204 -0.5057 0.0, -0.1203 -0.5054 0.0, -0.1171 -0.4916 0.0, -0.1167 -0.48 0.0, -0.037 -0.4379 0.0, -0.0547 -0.4077 0.0, -0.131 -0.4475 0.0, -0.1409 -0.4385 0.0, -0.153 -0.432 0.0, -0.1668 -0.4286 0.0, -0.1737 -0.4282 0.0, -0.1873 -0.4299 0.0, -0.1998 -0.4347 0.0, -0.2115 -0.4428 0.0, -0.2209 -0.4535 0.0, -0.2272 -0.4658 0.0, -0.2396 -0.4581 0.0, -0.2498 -0.4476 0.0, -0.2566 -0.4361 0.0, -0.2607 -0.4222 0.0, -0.2613 -0.4134 0.0, -0.2599 -0.4019 0.0, -0.2596 -0.3996 0.0, -0.2548 -0.3869 0.0, -0.2489 -0.3784 0.0, -0.2469 -0.3756 0.0, -0.2371 -0.3668 0.0, -0.2244 -0.3601 0.0, -0.2103 -0.3568 0.0, -0.2044 -0.3565 0.0, -0.1911 -0.3581 0.0, -0.1783 -0.3628 0.0, -0.1742 -0.365 0.0, -0.1655 -0.347 0.0, -0.1528 -0.3317 0.0, -0.1375 -0.3206 0.0, -0.1189 -0.313 0.0, -0.098 -0.3103 0.0, -0.0183 -0.3815 0.0, -0.0189 -0.3784 0.0, -0.0217 -0.3656 0.0, -0.0305 -0.3473 0.0, -0.0434 -0.332 0.0, -0.0448 -0.3307 0.0, -0.0608 -0.3196 0.0, -0.0787 -0.3127 0.0, -0.0137 -0.3815 0.0, -0.0029 -0.3828 0.0, 0.0071 -0.3867 0.0, 0.0159 -0.3928 0.0, 0.0224 -0.4002 0.0, 0.0234 -0.4019 0.0, 0.0277 -0.41 0.0, 0.0304 -0.4209 0.0, 0.0307 -0.4259 0.0, 0.0293 -0.437 0.0, 0.0254 -0.4471 0.0, 0.0191 -0.456 0.0, 0.0184 -0.4568 0.0, 0.01 -0.4637 0.0, -0.0001 -0.4684 0.0, -0.0103 -0.4703 0.0, -0.0359 -0.4703 0.0, -0.0371 -0.4702 0.0, -0.0388 -0.4698 0.0, -0.0393 -0.4697 0.0, -0.0437 -0.4703 0.0, -0.0476 -0.4719 0.0, -0.0511 -0.4743 0.0, -0.0535 -0.4769 0.0, -0.0557 -0.4808 0.0, -0.0568 -0.4851 0.0, -0.057 -0.4874 0.0, -0.0564 -0.4916 0.0, -0.0549 -0.4955 0.0, -0.0525 -0.4991 0.0, -0.0511 -0.5004 0.0, -0.0474 -0.503 0.0, -0.0437 -0.5045 0.0, -0.0405 -0.505 0.0, -0.0069 -0.505 0.0, 0.0121 -0.501 0.0, 0.0294 -0.4925 0.0, 0.0449 -0.4794 0.0, 0.0562 -0.4637 0.0, 0.0634 -0.4457 0.0, -0.1742 -0.4641 0.0, -0.1702 -0.4644 0.0, -0.1649 -0.4661 0.0, -0.1602 -0.4691 0.0, -0.1564 -0.4731 0.0, -0.1538 -0.4777 0.0, -0.1523 -0.4829 0.0, -0.1521 -0.4884 0.0, -0.1534 -0.4939 0.0, -0.156 -0.4988 0.0, -0.1594 -0.5027 0.0, -0.1637 -0.5058 0.0, -0.1687 -0.5078 0.0, -0.1742 -0.5085 0.0, -0.1752 -0.5084 0.0, -0.1803 -0.5076 0.0, -0.1855 -0.5054 0.0, -0.1898 -0.5021 0.0, -0.193 -0.4981 0.0, -0.1953 -0.4934 0.0, -0.1964 -0.488 0.0, -0.1961 -0.4825 0.0, -0.1945 -0.4771 0.0, -0.1916 -0.4724 0.0, -0.1892 -0.4699 0.0, -0.1847 -0.4667 0.0, -0.1798 -0.4648 0.0, -0.1798 -0.4648 0.0
            ]
        }
        coordIndex [
            0,1,2,-1,3,4,5,-1,6,7,8,-1,9,10,11,-1,11,10,12,-1,13,14,2,-1,2,14,15,-1,2,15,0,-1,5,4,16,-1,17,18,19,-1,20,21,10,-1,10,21,22,-1,10,22,12,-1,12,22,23,-1,24,25,26,-1,26,25,27,-1,26,27,28,-1,28,27,29,-1,28,29,30,-1,30,29,31,-1,30,31,32,-1,32,31,2,-1,32,2,33,-1,33,2,34,-1,35,36,24,-1,24,36,37,-1,24,37,25,-1,9,11,19,-1,19,11,38,-1,19,38,17,-1,39,40,41,-1,41,40,42,-1,41,42,43,-1,43,42,44,-1,43,44,45,-1,45,44,46,-1,6,8,47,-1,47,8,48,-1,47,48,49,-1,49,48,50,-1,49,50,51,-1,4,52,16,-1,16,52,53,-1,16,53,54,-1,54,53,55,-1,54,55,6,-1,6,55,56,-1,6,56,7,-1,23,22,24,-1,24,22,57,-1,24,57,35,-1,58,59,60,-1,60,59,61,-1,60,61,62,-1,62,61,63,-1,62,63,64,-1,64,63,65,-1,64,65,66,-1,66,65,67,-1,66,67,68,-1,34,2,69,-1,69,2,1,-1,69,1,70,-1,44,71,46,-1,46,71,72,-1,46,72,73,-1,73,72,74,-1,73,74,75,-1,75,74,76,-1,75,76,77,-1,77,76,78,-1,77,78,79,-1,79,78,80,-1,79,80,81,-1,81,80,82,-1,81,82,58,-1,58,82,83,-1,58,83,59,-1,84,85,86,-1,86,85,87,-1,86,87,41,-1,41,87,88,-1,41,88,39,-1,89,90,91,-1,91,90,92,-1,91,92,93,-1,93,92,94,-1,93,94,95,-1,95,94,96,-1,95,96,97,-1,97,96,98,-1,97,98,13,-1,13,98,99,-1,13,99,14,-1,18,100,19,-1,19,100,101,-1,19,101,102,-1,102,101,103,-1,102,103,104,-1,104,103,105,-1,104,105,106,-1,106,105,107,-1,106,107,108,-1,108,107,109,-1,108,109,110,-1,110,109,111,-1,110,111,112,-1,112,111,113,-1,112,113,114,-1,114,113,115,-1,114,115,116,-1,116,115,117,-1,116,117,118,-1,118,117,119,-1,118,119,1,-1,1,119,120,-1,1,120,70,-1,51,50,121,-1,121,50,122,-1,121,122,123,-1,123,122,124,-1,123,124,125,-1,125,124,126,-1,125,126,127,-1,127,126,128,-1,127,128,84,-1,84,128,129,-1,84,129,85,-1,5,130,3,-1,3,130,131,-1,3,131,132,-1,132,131,133,-1,132,133,134,-1,134,133,135,-1,134,135,89,-1,89,135,136,-1,89,136,90,-1,137,138,139,-1,67,140,68,-1,68,140,137,-1,68,137,141,-1,141,137,139,-1,142,143,137,-1,137,143,144,-1,137,144,138,-1,145,146,147,-1,146,148,147,-1,147,148,149,-1,147,149,150,-1,142,137,147,-1,147,137,151,-1,147,151,145,-1,77,152,153,-1,154,46,73,-1,77,153,75,-1,75,153,155,-1,75,155,73,-1,73,155,156,-1,73,156,154,-1,154,157,46,-1,46,157,158,-1,46,158,45,-1,45,158,159,-1,45,159,43,-1,43,159,160,-1,43,160,41,-1,41,160,161,-1,41,161,86,-1,86,161,162,-1,86,162,84,-1,127,84,163,-1,163,84,162,-1,163,164,127,-1,127,164,165,-1,127,165,125,-1,125,165,166,-1,125,166,123,-1,167,49,168,-1,168,49,51,-1,168,51,169,-1,169,51,121,-1,169,121,170,-1,170,121,123,-1,170,123,166,-1,49,167,171,-1,49,171,47,-1,47,171,172,-1,47,172,6,-1,6,172,173,-1,6,173,54,-1,54,173,174,-1,54,174,16,-1,16,174,175,-1,16,175,5,-1,5,175,176,-1,5,176,130,-1,130,176,177,-1,130,177,131,-1,131,177,178,-1,131,178,133,-1,179,92,90,-1,133,178,180,-1,133,180,135,-1,135,180,181,-1,135,181,136,-1,181,182,136,-1,136,182,183,-1,136,183,90,-1,90,183,184,-1,90,184,179,-1,92,179,185,-1,92,185,94,-1,94,185,186,-1,94,186,96,-1,96,186,187,-1,96,187,98,-1,98,187,188,-1,98,188,99,-1,99,188,189,-1,99,189,14,-1,14,189,190,-1,14,190,15,-1,15,190,191,-1,15,191,0,-1,191,192,0,-1,0,192,193,-1,0,193,1,-1,1,193,194,-1,1,194,118,-1,118,194,195,-1,118,195,116,-1,195,196,116,-1,116,196,197,-1,116,197,114,-1,114,197,198,-1,114,198,112,-1,199,9,19,-1,112,198,200,-1,112,200,110,-1,110,200,201,-1,110,201,108,-1,201,202,108,-1,108,202,203,-1,108,203,106,-1,106,203,204,-1,106,204,104,-1,104,204,205,-1,104,205,102,-1,102,205,206,-1,102,206,19,-1,19,206,207,-1,19,207,199,-1,10,9,208,-1,208,9,199,-1,20,10,209,-1,209,10,208,-1,21,20,210,-1,210,20,209,-1,22,21,211,-1,211,21,210,-1,22,211,212,-1,22,212,57,-1,57,212,213,-1,57,213,35,-1,35,213,214,-1,35,214,36,-1,36,214,215,-1,36,215,37,-1,37,215,216,-1,37,216,25,-1,25,216,217,-1,25,217,27,-1,27,217,218,-1,27,218,29,-1,29,218,219,-1,29,219,31,-1,31,219,220,-1,31,220,2,-1,2,220,221,-1,2,221,13,-1,13,221,222,-1,13,222,97,-1,97,222,223,-1,97,223,95,-1,95,223,224,-1,95,224,93,-1,93,224,225,-1,93,225,91,-1,89,91,226,-1,226,91,225,-1,226,227,89,-1,89,227,228,-1,89,228,134,-1,134,228,229,-1,134,229,132,-1,229,230,132,-1,132,230,231,-1,132,231,3,-1,3,231,232,-1,3,232,4,-1,4,232,233,-1,4,233,52,-1,52,233,234,-1,52,234,53,-1,53,234,235,-1,53,235,55,-1,55,235,236,-1,55,236,56,-1,56,236,237,-1,56,237,7,-1,7,237,238,-1,7,238,8,-1,8,238,239,-1,8,239,48,-1,48,239,240,-1,48,240,50,-1,50,240,241,-1,50,241,122,-1,122,241,242,-1,122,242,124,-1,243,39,244,-1,244,39,88,-1,244,88,245,-1,245,88,87,-1,245,87,246,-1,246,87,85,-1,246,85,247,-1,247,85,129,-1,247,129,248,-1,248,129,128,-1,248,128,249,-1,249,128,126,-1,249,126,250,-1,250,126,124,-1,250,124,242,-1,40,39,251,-1,251,39,243,-1,40,251,252,-1,40,252,42,-1,42,252,253,-1,42,253,44,-1,44,253,254,-1,44,254,71,-1,71,254,255,-1,71,255,72,-1,72,255,256,-1,72,256,74,-1,256,257,74,-1,74,257,258,-1,74,258,76,-1,76,258,259,-1,76,259,78,-1,78,259,260,-1,78,260,80,-1,80,260,261,-1,80,261,82,-1,82,261,262,-1,82,262,83,-1,83,262,263,-1,83,263,59,-1,59,263,264,-1,59,264,61,-1,61,264,265,-1,61,265,63,-1,63,265,266,-1,63,266,65,-1,67,65,267,-1,267,65,266,-1,67,267,268,-1,67,268,140,-1,140,268,269,-1,140,269,137,-1,137,269,270,-1,137,270,151,-1,151,270,271,-1,151,271,145,-1,145,271,272,-1,145,272,146,-1,146,272,273,-1,146,273,148,-1,148,273,274,-1,148,274,149,-1,149,274,275,-1,149,275,150,-1,150,275,276,-1,150,276,147,-1,147,276,277,-1,147,277,142,-1,142,277,278,-1,142,278,143,-1,143,278,279,-1,143,279,144,-1,144,279,280,-1,144,280,138,-1,138,280,281,-1,138,281,139,-1,139,281,282,-1,139,282,141,-1,141,282,283,-1,141,283,68,-1,68,283,284,-1,68,284,66,-1,64,66,285,-1,285,66,284,-1,64,285,286,-1,64,286,62,-1,62,286,287,-1,62,287,60,-1,60,287,288,-1,60,288,58,-1,58,288,289,-1,58,289,81,-1,81,289,290,-1,81,290,79,-1,79,290,152,-1,79,152,77,-1,23,291,292,-1,23,292,12,-1,12,292,293,-1,12,293,11,-1,11,293,294,-1,11,294,38,-1,38,294,295,-1,38,295,17,-1,17,295,296,-1,17,296,18,-1,18,296,297,-1,18,297,100,-1,100,297,298,-1,100,298,101,-1,101,298,299,-1,101,299,103,-1,103,299,300,-1,103,300,105,-1,105,300,301,-1,105,301,107,-1,107,301,302,-1,107,302,109,-1,109,302,303,-1,109,303,111,-1,111,303,304,-1,111,304,113,-1,113,304,305,-1,113,305,115,-1,115,305,306,-1,115,306,117,-1,117,306,307,-1,117,307,119,-1,119,307,308,-1,119,308,120,-1,120,308,309,-1,120,309,70,-1,70,309,310,-1,70,310,69,-1,69,310,311,-1,69,311,34,-1,34,311,312,-1,34,312,33,-1,33,312,313,-1,33,313,32,-1,32,313,314,-1,32,314,30,-1,30,314,315,-1,30,315,28,-1,28,315,316,-1,28,316,26,-1,26,316,317,-1,26,317,24,-1,24,317,291,-1,24,291,23,-1,
        ]
    }
}
Shape{
    appearance Appearance {
        material  Material 	{
            diffuseColor 1.0 1.0 1.0
            specularColor 1.0 1.0 1.0
            ambientIntensity 0.2
            transparency 0
            shininess 0.5
        }
    }
    geometry IndexedFaceSet {
        ccw TRUE
        solid FALSE
        coord DEF co Coordinate {
            point [
                -0.1752 -0.5084 0.0, -0.1892 -0.4699 0.0, -0.1916 -0.4724 0.0, -0.1687 -0.5078 0.0, -0.1637 -0.5058 0.0, -0.1702 -0.4644 0.0, -0.1742 -0.4641 0.0, -0.1798 -0.4648 0.0, -0.1847 -0.4667 0.0, -0.1953 -0.4934 0.0, -0.193 -0.4981 0.0, -0.1898 -0.5021 0.0, -0.1742 -0.5085 0.0, -0.1538 -0.4777 0.0, -0.1564 -0.4731 0.0, -0.156 -0.4988 0.0, -0.1602 -0.4691 0.0, -0.1945 -0.4771 0.0, -0.1961 -0.4825 0.0, -0.1964 -0.488 0.0, -0.1855 -0.5054 0.0, -0.1803 -0.5076 0.0, -0.1594 -0.5027 0.0, -0.1649 -0.4661 0.0, -0.1534 -0.4939 0.0, -0.1521 -0.4884 0.0, -0.1523 -0.4829 0.0, -0.1523 -0.4829 0.0
            ]
        }
        coordIndex [
            0,1,2,-1,3,4,5,-1,6,7,0,-1,0,7,8,-1,0,8,1,-1,9,10,2,-1,2,10,11,-1,6,0,5,-1,5,0,12,-1,5,12,3,-1,13,14,15,-1,15,14,16,-1,17,18,2,-1,2,18,19,-1,2,19,9,-1,11,20,2,-1,2,20,21,-1,2,21,0,-1,4,22,5,-1,5,22,15,-1,5,15,23,-1,23,15,16,-1,24,25,15,-1,15,25,26,-1,15,26,13,-1,
        ]
    }
}